time,prefix,as_path,as_origin,roa_origin
1657912661,2a0d:1a40:faf::/48,None,202313,138987
1657921287,2a0d:3340:d000::/36,None,36492,14593
1657921293,2a0d:5040::/32,None,8315,34762
1657918481,2a0d:82c7:3000::/36,None,47787,141193
1657917668,2a0e:1c80:6::/48,None,3399,42675
1657921361,2a0e:b107:17f0::/45,None,142553,207079
1657921361,2a0e:b107:17f8::/48,None,142553,207079
1657921397,2a0f:9400:7808::/48,None,147028,53356
1657921397,2a0f:9400:780b::/48,None,147028,53356
1657921398,2a0f:9400:7838::/47,None,147028,53356
1657921674,2a10:4640::/48,None,212815,212815
1657920877,2a11:60c0:1::/48,None,212217,20473+210727
1657738153,2a12:4180:42:1::/64,None,61180,51088
1657921463,2a12:dd47::/33,None,50058,50058
1657880768,65.51.30.0/24,None,19720,54004
1657921696,65.72.64.0/20,None,3491,198148
1657919802,66.19.20.0/22,None,7029,7029
1657919802,66.19.88.0/22,None,7029,7029
1657851383,66.110.102.0/24,None,6453,6453
1657769228,66.198.100.0/24,None,7029,6453
1657919802,66.217.95.0/24,None,7029,7029
1657919802,66.217.170.0/24,None,7029,7029
1657919802,66.217.228.0/24,None,7029,7029
1657855423,66.231.68.0/24,None,23246,271936
1657919802,66.248.104.0/21,None,7029,7029
1657919802,66.248.113.0/24,None,7029,7029
1657844478,67.212.227.0/24,None,13213,29854
1657738261,68.225.172.0/23,None,22773,22773
1657907570,69.27.247.0/24,None,27478,6128
1657879103,69.28.180.0/24,None,22822,55429+60261+38621+26506+25804+23059+45396+37277+38622
1657738428,70.41.27.0/24,None,40306,7155
1657738261,70.182.86.0/24,None,22773,22773
1657914420,203.32.26.0/24,None,9443,43260
1657914492,203.32.31.0/24,None,9443,4826
1657922298,203.101.41.0/24,None,24560,9498
1657905379,203.101.110.0/24,None,9498,9498
1657770394,203.117.40.0/23,None,138345,9874
1657921016,203.123.68.0/24,None,10113,9443
1657916531,203.127.31.0/24,None,9255,3758
1657916529,203.127.225.0/24,None,17894,3758
1657916529,203.127.237.0/24,None,3758,3758
1657917043,203.130.205.0/24,None,7713,7713
1657917043,203.130.206.0/24,None,7713,7713
1657922252,203.135.30.0/24,None,17557,9557
1657922252,203.135.43.0/24,None,17557,9557
1657922252,203.135.56.0/24,None,17557,9557
1657922290,203.135.57.0/24,None,17557,9557
1657876668,203.150.132.0/24,None,45752,4618
1657908835,203.167.18.0/23,None,9902,9902
1657738318,203.170.192.46/32,None,7568,9891
1657738125,203.202.21.128/27,None,132217,7474
1657921696,205.177.44.0/22,None,3491,198148
1657921696,205.177.224.0/21,None,3491,198148
1657921697,206.161.216.0/21,None,3491,198148
1657921425,206.214.230.0/24,None,36492,14593
1657848455,206.214.238.0/24,None,36492,14593
1657919803,206.246.208.0/22,None,7029,7029
1657919803,206.246.223.0/24,None,7029,7029
1657919803,206.246.240.0/22,None,7029,7029
1657842759,206.248.188.0/22,None,5645,5645
1657738368,206.251.42.0/23,None,19045,19045
1657738169,207.34.120.0/24,None,7861,852
1657738178,207.102.79.0/24,None,398425,852
1657921697,207.176.86.0/24,None,3491,3491
1657738368,207.204.60.0/22,None,19045,19045
1657921697,207.226.144.0/22,None,3491,198148
1657895771,207.228.15.0/24,None,7018,7018
1657876651,207.228.17.0/24,None,7018,7018
1657916377,207.228.39.0/24,None,7018,7018
1657874996,207.228.48.0/21,None,7018,7018
1657873581,207.228.58.0/23,None,7018,7018
1657871495,207.228.60.0/22,None,7018,7018
1657738119,207.232.36.173/32,None,1680,1680
1657910204,208.54.143.0/24,None,21928,22140
1657917458,46.182.108.0/24,None,58073,24875
1657896219,46.199.0.0/21,None,6866,6866
1657741466,46.199.210.138/32,None,6866,6866
1657903100,46.225.96.0/19,None,56402,16322
1657815618,47.19.23.0/24,None,54004,6128
1657775622,47.19.37.0/24,None,54004,6128
1657912127,47.19.128.0/24,None,54004,6128
1657873545,47.19.214.0/24,None,394245,6128
1657866458,47.79.136.0/21,None,6079,134963+45102
1657918185,47.79.184.0/22,None,7029,134963+45102
1657910136,47.79.208.0/21,None,7029,134963+45102
1657916037,47.79.224.0/20,None,1239,134963+45102
1657919499,47.79.248.0/21,None,1239,134963+45102
1657738341,47.88.55.67/32,None,45102,45102
1657738341,47.91.111.158/32,None,45102,45102
1657738341,47.241.95.193/32,None,45102,45102
1657738341,47.252.34.177/32,None,45102,45102
1657738188,49.40.59.0/24,None,38529,55836
1657883458,49.188.0.0/17,None,4804,4804
1657829089,49.193.0.0/17,None,4804,4804
1657919899,49.202.168.0/21,None,55441,45820
1657890596,49.202.208.0/24,None,45820,45820
1657919899,49.202.224.0/22,None,55441,45820
1657916202,49.229.32.0/24,None,45458,132866
1657911387,50.52.0.0/17,None,27017,20055
1657920781,50.62.16.0/22,None,26496,398101
1657895937,50.62.244.0/22,None,398101,398101
1657884894,50.114.57.0/24,None,62240,200482
1657907964,50.117.56.0/24,None,64267,54252
1657878544,50.118.145.0/24,None,64267,54252
1657916067,57.66.0.0/17,None,51964,4004
1657845884,57.77.0.0/18,None,51964,2647
1657738391,57.78.19.0/24,None,51964,4004+6853
1657920704,57.79.0.0/17,None,51964,2874+6853+5583
1657920391,57.79.12.0/24,None,51964,2874+6853+5583
1657899867,57.79.128.0/19,None,51964,2874+6853+5583
1657914272,57.82.36.0/22,None,51964,5583
1657878575,57.82.80.0/23,None,51964,5583
1657825269,57.82.92.0/23,None,51964,5583
1657878575,57.83.96.0/21,None,51964,5583
1657859870,57.86.64.0/20,None,51964,2874
1657738033,58.87.15.136/32,None,38085,9723
1657738323,58.105.253.4/30,None,4804,4804
1657738323,58.105.253.12/30,None,4804,4804
1657738323,58.105.253.52/30,None,4804,4804
1657910288,59.60.6.0/23,None,140330,4809
1657916052,59.144.54.0/24,None,9498,9498
1657916052,59.144.91.0/24,None,9498,9498
1657916052,59.145.114.0/24,None,9498,9498
1657738088,59.154.5.192/27,None,7474,7474
1657738088,59.154.6.192/27,None,7474,7474
1657738130,59.154.75.128/27,None,135897,7474
1657738088,59.154.100.176/30,None,7474,7474
1657738088,59.154.117.80/28,None,7474,7474
1657738088,59.154.117.96/28,None,7474,7474
1657738088,59.154.117.112/28,None,7474,7474
1657738088,59.154.135.3/32,None,7474,7474
1657832504,59.154.135.5/32,None,7474,7474
1657737998,59.154.177.0/28,None,9426,7474
1657737997,59.154.177.32/28,None,9426,7474
1657737998,59.154.177.64/28,None,9426,7474
1657738088,59.154.180.192/26,None,7474,7474
1657737998,59.154.188.128/28,None,9426,7474
1657738091,60.199.130.237/32,None,9924,9924
1657738091,60.199.130.246/32,None,9924,9924
1657738091,60.199.130.249/32,None,9924,9924
1657738091,60.199.130.250/32,None,9924,9924
1657738091,60.199.132.28/32,None,9924,9924
1657738091,60.199.152.0/32,None,9924,9924
1657738091,60.199.152.2/32,None,9924,9924
1657738091,60.199.152.7/32,None,9924,9924
1657738091,60.199.152.12/32,None,9924,9924
1657738091,60.199.152.14/32,None,9924,9924
1657738091,60.199.152.16/32,None,9924,9924
1657738091,60.199.152.17/32,None,9924,9924
1657738091,60.199.152.32/32,None,9924,9924
1657738091,60.199.152.37/32,None,9924,9924
1657738091,60.199.152.39/32,None,9924,9924
1657738091,60.199.152.40/32,None,9924,9924
1657738091,60.199.152.43/32,None,9924,9924
1657738091,60.199.152.54/32,None,9924,9924
1657738091,60.199.152.57/32,None,9924,9924
1657738091,60.199.152.59/32,None,9924,9924
1657738091,60.199.152.79/32,None,9924,9924
1657738091,60.199.152.80/32,None,9924,9924
1657738091,60.199.152.82/32,None,9924,9924
1657738091,60.199.152.117/32,None,9924,9924
1657738091,60.199.152.120/32,None,9924,9924
1657738091,60.199.152.122/32,None,9924,9924
1657738091,60.199.152.123/32,None,9924,9924
1657738091,60.199.152.139/32,None,9924,9924
1657738091,60.199.152.143/32,None,9924,9924
1657738091,60.199.152.149/32,None,9924,9924
1657738091,60.199.152.159/32,None,9924,9924
1657738091,60.199.152.161/32,None,9924,9924
1657738091,60.199.152.186/32,None,9924,9924
1657738091,60.199.152.187/32,None,9924,9924
1657738091,60.199.152.188/32,None,9924,9924
1657738091,60.199.152.189/32,None,9924,9924
1657738091,60.199.152.208/32,None,9924,9924
1657738091,60.199.152.215/32,None,9924,9924
1657738091,60.199.152.224/32,None,9924,9924
1657738091,60.199.152.229/32,None,9924,9924
1657738091,60.199.152.231/32,None,9924,9924
1657738091,60.199.186.242/32,None,9924,9924
1657738091,60.199.221.135/32,None,9924,9924
1657738091,60.199.221.136/32,None,9924,9924
1657738091,60.199.221.144/32,None,9924,9924
1657738091,60.199.221.150/32,None,9924,9924
1657738091,60.199.221.152/32,None,9924,9924
1657738091,60.199.221.153/32,None,9924,9924
1657738091,60.199.221.157/32,None,9924,9924
1657738091,60.199.221.175/32,None,9924,9924
1657738091,60.199.221.176/32,None,9924,9924
1657738091,60.199.221.187/32,None,9924,9924
1657738091,60.199.221.193/32,None,9924,9924
1657738091,60.199.221.199/32,None,9924,9924
1657738091,60.199.221.204/32,None,9924,9924
1657738091,60.199.221.209/32,None,9924,9924
1657738091,60.199.221.210/32,None,9924,9924
1657738091,60.199.221.211/32,None,9924,9924
1657738091,60.199.221.223/32,None,9924,9924
1657738091,60.199.221.227/32,None,9924,9924
1657738091,60.199.221.230/32,None,9924,9924
1657738091,60.199.221.240/32,None,9924,9924
1657738091,60.199.223.149/32,None,9924,9924
1657738091,60.199.223.155/32,None,9924,9924
1657738091,60.199.223.156/32,None,9924,9924
1657738091,60.199.223.169/32,None,9924,9924
1657738091,60.199.223.173/32,None,9924,9924
1657738091,60.199.223.174/32,None,9924,9924
1657738091,60.199.223.177/32,None,9924,9924
1657738091,60.199.223.182/32,None,9924,9924
1657738091,60.199.223.184/32,None,9924,9924
1657738091,60.199.223.190/32,None,9924,9924
1657738119,61.17.72.0/24,None,17908,17908
1657738119,61.17.159.0/24,None,17908,4755
1657738119,61.17.199.0/24,None,17908,4755
1657738191,61.88.1.52/30,None,7474,198949
1657738191,61.88.7.128/32,None,7474,7474
1657738265,61.88.28.88/29,None,18220,7474
1657738146,61.88.145.32/27,None,7474,7474
1657873819,61.95.244.0/24,None,9498,9498
1657922150,61.246.0.0/24,None,24560,9498
1657887544,61.246.201.0/24,None,9498,9498
1657738119,62.0.192.181/32,None,1680,1680
1657921095,62.3.56.0/24,None,211181,210513
1657738318,62.16.78.0/24,None,47253,47253
1657759267,62.25.105.0/24,None,1273,1273
1657878705,62.38.81.0/24,None,3329,3329
1657862441,62.60.147.0/24,None,58202,15611
1657874391,62.60.152.0/22,None,58202,15611+57844
1657921260,62.68.36.0/24,None,21003,21003
1657921260,62.68.37.0/24,None,21003,21003
1657909811,62.74.4.0/23,None,12361,3329
1657878716,62.74.32.0/21,None,12361,3329
1657878716,62.74.48.0/21,None,12361,3329
1657878716,62.74.60.0/23,None,12361,3329
1657881925,62.74.148.0/22,None,12361,3329
1657922002,62.74.176.0/23,None,12361,3329
1657878716,62.74.184.0/22,None,12361,3329
1657904571,62.76.74.0/23,None,51408,49199
1657738119,62.90.31.80/28,None,1680,1680
1657738119,62.90.140.1/32,None,1680,1680
1657738119,62.90.226.234/32,None,1680,1680
1657738119,62.90.227.163/32,None,1680,1680
1657916645,62.128.168.0/22,None,12440,44795
1657738208,62.181.50.127/32,None,61121,61121
1657738381,62.208.144.0/20,None,1273,1273
1657761305,63.141.62.0/24,None,30633,7018+13347+1239
1657921697,63.217.24.0/23,None,3491,198148
1657921697,63.217.40.0/21,None,3491,198148
1657921697,63.218.204.0/23,None,3491,198148
1657921697,63.218.213.0/24,None,3491,198148
1657921697,63.218.228.0/23,None,3491,198148
1657921697,63.222.7.0/24,None,3491,198148
1657921697,63.222.34.0/24,None,3491,31713
1657921697,63.222.58.0/24,None,3491,31713
1657921697,63.222.105.0/24,None,3491,198148
1657921697,63.222.184.0/24,None,3491,198148
1657921697,63.222.188.0/24,None,3491,198148
1657921697,63.222.191.0/24,None,3491,198148
1657921697,63.223.48.0/24,None,3491,31713
1657907466,63.223.67.0/24,None,19194,1239
1657919612,63.223.118.0/24,None,19194,1239
1657919803,64.24.94.0/23,None,7029,7029
1657919803,64.24.100.0/22,None,7029,7029
1657919803,64.24.154.0/23,None,7029,7029
1657919803,64.24.168.0/22,None,7029,7029
1657919803,64.24.215.0/24,None,7029,7029
1657919803,64.24.235.0/24,None,7029,7029
1657911651,64.24.249.0/24,None,7029,7029
1657921681,64.62.161.0/24,None,4455,6939
1657909330,158.51.114.0/23,None,394102,400326
1657738132,159.148.187.5/32,None,47814,2588
1657738132,159.148.187.6/32,None,47814,2588
1657908046,160.119.126.0/23,None,328160,328160
1657876223,160.246.128.0/17,None,7687,7687
1657912256,161.22.39.0/24,None,267789,272874
1657738087,161.43.79.0/25,None,7474,7474
1657738087,161.43.219.160/27,None,7474,7474
1657874500,161.151.112.0/22,None,6253,8030
1657858854,161.151.208.0/21,None,6253,8030
1657897302,161.151.208.0/22,None,6253,8030
1657918877,162.43.194.0/24,None,36492,14593
1657910148,163.53.233.0/24,None,45177,45671
1657866548,164.77.61.0/24,None,6471,27651
1657884767,164.77.83.0/24,None,6471,27651
1657892727,164.77.92.0/24,None,6471,27651
1657862127,164.77.181.0/24,None,6471,27651
1657862127,164.77.219.0/24,None,6471,27651
1657738323,164.100.189.0/24,None,4758,55824
1657920964,166.0.188.0/24,None,210654,40925
1657851534,166.1.48.0/21,None,19437,398465
1657852073,166.63.199.0/24,None,1273,1273
1657920235,167.179.224.0/24,None,55423,136952+45629
1657912893,167.249.160.0/24,None,265184,267575
1657912039,167.249.161.0/24,None,265184,267575
1657911191,167.249.162.0/24,None,265184,267575
1657892770,167.250.66.0/23,None,265204,265204
1657905504,168.195.127.0/24,None,262241,262241
1657910273,168.197.236.131/32,None,263982,263982
1657910273,168.197.236.146/32,None,263982,263982
1657910273,168.197.236.162/32,None,263982,263982
1657910273,168.197.236.180/32,None,263982,263982
1657910273,168.197.236.183/32,None,263982,263982
1657910273,168.197.236.186/32,None,263982,263982
1657910273,168.197.236.196/32,None,263982,263982
1657910273,168.197.236.205/32,None,263982,263982
1657910273,168.197.236.207/32,None,263982,263982
1657910273,168.197.236.209/32,None,263982,263982
1657910273,168.197.236.211/32,None,263982,263982
1657910273,168.197.236.212/32,None,263982,263982
1657910273,168.197.236.215/32,None,263982,263982
1657910273,168.197.236.216/32,None,263982,263982
1657910273,168.197.236.220/32,None,263982,263982
1657910273,168.197.236.224/32,None,263982,263982
1657910273,168.197.236.236/32,None,263982,263982
1657910273,168.197.236.240/32,None,263982,263982
1657910273,168.197.236.247/32,None,263982,263982
1657910273,168.197.236.252/32,None,263982,263982
1657910273,168.197.237.6/32,None,263982,263982
1657910273,168.197.237.8/32,None,263982,263982
1657910273,168.197.237.12/32,None,263982,263982
1657910273,168.197.237.14/32,None,263982,263982
1657910273,168.197.237.19/32,None,263982,263982
1657910273,168.197.237.34/32,None,263982,263982
1657910273,168.197.237.43/32,None,263982,263982
1657910273,168.197.237.49/32,None,263982,263982
1657910273,168.197.237.63/32,None,263982,263982
1657910273,168.197.237.80/32,None,263982,263982
1657910273,168.197.237.85/32,None,263982,263982
1657910273,168.197.237.134/32,None,263982,263982
1657910273,168.197.237.136/32,None,263982,263982
1657910273,168.197.237.145/32,None,263982,263982
1657910273,168.197.237.152/32,None,263982,263982
1657910273,168.197.237.153/32,None,263982,263982
1657910273,168.197.237.154/32,None,263982,263982
1657910273,168.197.237.162/32,None,263982,263982
1657910273,168.197.237.164/32,None,263982,263982
1657910273,168.197.237.178/32,None,263982,263982
1657910273,168.197.237.183/32,None,263982,263982
1657910273,168.197.237.186/32,None,263982,263982
1657910273,168.197.237.187/32,None,263982,263982
1657910273,168.197.237.189/32,None,263982,263982
1657910273,168.197.237.192/32,None,263982,263982
1657910273,168.197.237.195/32,None,263982,263982
1657910273,168.197.237.199/32,None,263982,263982
1657910273,168.197.237.201/32,None,263982,263982
1657910273,168.197.237.210/32,None,263982,263982
1657910273,168.197.237.225/32,None,263982,263982
1657910273,168.197.237.228/32,None,263982,263982
1657910273,168.197.237.236/32,None,263982,263982
1657910273,168.197.237.238/32,None,263982,263982
1657910273,168.197.237.242/32,None,263982,263982
1657910273,168.197.237.246/32,None,263982,263982
1657910273,168.197.237.247/32,None,263982,263982
1657910273,168.197.237.253/32,None,263982,263982
1657910273,168.197.237.254/32,None,263982,263982
1657910273,168.197.238.72/32,None,263982,263982
1657910273,168.197.238.76/32,None,263982,263982
1657910273,168.197.238.78/32,None,263982,263982
1657910273,168.197.238.86/32,None,263982,263982
1657910273,168.197.238.91/32,None,263982,263982
1657910273,168.197.238.96/32,None,263982,263982
1657910273,168.197.238.101/32,None,263982,263982
1657910273,168.197.238.103/32,None,263982,263982
1657910273,168.197.238.107/32,None,263982,263982
1657910273,168.197.238.108/32,None,263982,263982
1657910273,168.197.238.109/32,None,263982,263982
1657910273,168.197.238.116/32,None,263982,263982
1657910273,168.197.238.117/32,None,263982,263982
1657910273,168.197.238.134/32,None,263982,263982
1657910273,168.197.238.136/32,None,263982,263982
1657910273,168.197.238.141/32,None,263982,263982
1657910273,168.197.238.143/32,None,263982,263982
1657910273,168.197.238.146/32,None,263982,263982
1657910273,168.197.238.150/32,None,263982,263982
1657910273,168.197.238.160/32,None,263982,263982
1657910273,168.197.238.161/32,None,263982,263982
1657910273,168.197.238.162/32,None,263982,263982
1657910273,168.197.238.166/32,None,263982,263982
1657910273,168.197.238.173/32,None,263982,263982
1657910273,168.197.238.180/32,None,263982,263982
1657910273,168.197.238.185/32,None,263982,263982
1657910273,168.197.238.193/32,None,263982,263982
1657910273,168.197.238.208/32,None,263982,263982
1657910273,168.197.238.215/32,None,263982,263982
1657910273,168.197.238.223/32,None,263982,263982
1657910273,168.197.238.224/32,None,263982,263982
1657910273,168.197.238.232/32,None,263982,263982
1657910273,168.197.238.246/32,None,263982,263982
1657910273,168.197.239.2/32,None,263982,263982
1657910273,168.197.239.9/32,None,263982,263982
1657910273,168.197.239.23/32,None,263982,263982
1657910273,168.197.239.24/32,None,263982,263982
1657910273,168.197.239.27/32,None,263982,263982
1657910273,168.197.239.29/32,None,263982,263982
1657910273,168.197.239.46/32,None,263982,263982
1657910273,168.197.239.48/32,None,263982,263982
1657910273,168.197.239.53/32,None,263982,263982
1657910273,168.197.239.54/32,None,263982,263982
1657910273,168.197.239.61/32,None,263982,263982
1657910273,168.197.239.64/32,None,263982,263982
1657910273,168.197.239.69/32,None,263982,263982
1657910273,168.197.239.71/32,None,263982,263982
1657910273,168.197.239.78/32,None,263982,263982
1657910273,168.197.239.81/32,None,263982,263982
1657910273,168.197.239.84/32,None,263982,263982
1657910273,168.197.239.105/32,None,263982,263982
1657910273,168.197.239.112/32,None,263982,263982
1657910273,168.197.239.118/32,None,263982,263982
1657910273,168.197.239.125/32,None,263982,263982
1657910273,168.197.239.131/32,None,263982,263982
1657910273,168.197.239.134/32,None,263982,263982
1657910273,168.197.239.135/32,None,263982,263982
1657910273,168.197.239.140/32,None,263982,263982
1657910273,168.197.239.154/32,None,263982,263982
1657910273,168.197.239.161/32,None,263982,263982
1657910273,168.197.239.167/32,None,263982,263982
1657910273,168.197.239.172/32,None,263982,263982
1657910273,168.197.239.177/32,None,263982,263982
1657910273,168.197.239.178/32,None,263982,263982
1657910273,168.197.239.182/32,None,263982,263982
1657910273,168.197.239.183/32,None,263982,263982
1657910273,168.197.239.185/32,None,263982,263982
1657910273,168.197.239.186/32,None,263982,263982
1657910273,168.197.239.192/32,None,263982,263982
1657910273,168.197.239.197/32,None,263982,263982
1657910273,168.197.239.210/32,None,263982,263982
1657910273,168.197.239.222/32,None,263982,263982
1657910273,168.197.239.251/32,None,263982,263982
1657908248,169.197.191.0/24,None,62456,46450
1657916670,169.255.30.0/24,None,327926,327926
1657839497,84.47.167.0/24,None,201381,201387
1657880248,84.47.189.0/24,None,201486,201382
1657864600,84.96.127.0/24,None,15557,15557
1657922397,84.201.96.0/24,None,8879,12437
1657738035,85.14.16.1/32,None,8262,8262
1657738172,85.16.113.64/29,None,9145,9145
1657922099,85.130.225.0/24,None,8551,6810
1657877879,85.130.230.0/24,None,8551,6810
1657921202,85.130.248.0/21,None,8551,6810
1657880362,85.133.191.0/24,None,39074,39074
1657880362,85.133.193.0/24,None,39074,39074
1657915933,85.133.214.0/24,None,39074,39074
1657880363,85.133.252.0/24,None,39074,39074
1657738118,85.250.59.4/32,None,1680,1680
1657891635,85.254.103.0/24,None,35913,210906
1657881364,86.64.233.0/24,None,15557,15557
1657921697,86.105.185.0/24,None,51490,203346
1657921435,86.106.135.0/24,None,49999,25369
1657880500,87.107.142.0/23,None,42337,43395
1657738343,87.121.35.197/32,None,198228,198228
1657921410,87.121.58.0/24,None,200068,20454
1657854540,87.245.192.0/20,None,29470,57304
1657880589,88.136.0.0/14,None,8228,15557
1657896273,88.140.0.0/16,None,8228,15557
1657738130,88.223.144.140/32,None,24852,24852
1657903798,89.30.109.0/24,None,31216,201313
1657738338,89.31.101.128/26,None,21155,49685+35470
1657921697,89.34.104.0/24,None,51490,203346
1657921697,89.34.105.0/24,None,51490,203346
1657844454,89.35.227.0/24,None,62235,200845
1657921697,89.37.129.0/24,None,51490,203346
1657885706,89.37.174.0/24,None,1299,25369
1657921868,89.41.183.0/24,None,39737,33911
1657919638,89.45.93.0/24,None,9009,56871
1657904430,89.107.135.0/24,None,31368,40964
1657920976,89.116.44.0/24,None,211585,211975
1657918604,89.201.160.0/19,None,34594,34594
1657833220,89.203.56.0/24,None,21050,21050
1657781481,89.203.57.0/24,None,21050,21050
1657898393,89.219.36.0/23,None,39280,39232
1657909530,89.219.48.0/20,None,39280,39232
1657921429,89.247.144.0/22,None,8881,8881
1657882692,90.69.20.0/22,None,12479,12479
1657896193,90.69.24.0/21,None,12479,12479
1657896211,90.69.56.0/22,None,12479,12479
1657852359,90.69.64.0/22,None,12479,12479
1657863210,90.69.161.0/24,None,12479,12479
1657920312,90.69.162.0/24,None,12479,12479
1657917719,90.69.167.0/24,None,12479,12479
1657852991,90.69.208.0/22,None,12479,12479
1657884657,90.69.220.0/22,None,12479,12479
1657880550,90.69.240.0/21,None,12479,12479
1657880820,90.85.36.0/24,None,209092,3215
1657919865,90.151.136.0/22,None,12389,12389
1657880819,90.188.241.0/24,None,12389,12389
1657880819,90.188.244.0/23,None,12389,12389
1657880819,90.188.245.0/24,None,12389,12389
1657910373,91.99.96.0/19,None,16322,16322
1657921376,91.102.233.0/24,None,19905,196659
1657908664,91.126.160.0/20,None,35699,201942
1657920402,91.140.92.0/22,None,25472,2542
1657738207,91.140.124.0/22,None,25472,2542
1657920303,91.149.232.0/23,None,398343,26383
1657738327,91.214.204.65/32,None,49531,49531
1657738327,91.214.204.144/32,None,49531,49531
1657738158,91.218.159.232/32,None,51373,51373
1657738311,91.222.112.3/32,None,50401,50401
1657881314,91.227.228.0/24,None,56895,59595
1657919145,91.228.72.0/24,None,27281,14618+16509
1657910262,91.229.244.0/24,None,1239,136787
1657907835,91.233.254.0/23,None,198349,34691
1657738212,91.237.159.140/32,None,57998,57998
1657862492,91.242.103.0/24,None,51246,35346+7018
1657910137,91.242.105.0/24,None,7029,57916
1657910262,91.242.108.0/22,None,1239,35346+43094
1657920025,91.243.80.0/24,None,199524,210756
1657738173,91.249.170.64/27,None,9145,9145
1657738173,91.249.231.64/26,None,9145,9145
1657738173,91.249.236.40/29,None,9145,9145
1657914789,92.44.10.0/23,None,34984,34984
1657920297,92.60.165.0/24,None,206046,12541+8903
1657837792,124.74.162.0/24,None,4811,4812
1657840655,124.74.163.0/24,None,4811,4812
1657921538,124.74.174.0/24,None,4811,4812
1657865639,124.74.188.0/24,None,4811,4812
1657868504,124.74.189.0/24,None,4811,4812
1657849256,124.74.233.0/24,None,4811,4812
1657846273,124.123.108.0/24,None,55577,18209
1657738088,125.63.148.32/29,None,7474,7474
1657738088,125.63.167.192/27,None,7474,7474
1657738191,125.63.174.160/29,None,7474,7474
1657922133,125.64.104.0/24,None,38283,38283
1657916501,125.64.106.0/24,None,38283,38283
1657918815,125.208.132.0/22,None,4787,4787
1657914344,125.208.134.0/23,None,4787,4787
1657901360,125.208.148.0/22,None,4787,4787
1657901360,125.208.160.0/21,None,4787,4787
1657884309,125.208.160.0/23,None,4787,4787
1657901818,125.208.164.0/23,None,4787,4787
1657915882,125.208.168.0/21,None,4787,4787
1657884309,125.208.184.0/23,None,4787,4787
1657884309,125.208.186.0/23,None,4787,4787
1657916526,128.106.7.0/24,None,132403,3758
1657916526,128.106.84.0/22,None,9255,9506+3758
1657899615,130.255.173.0/24,None,50139,199484
1657920927,131.0.110.0/24,None,27651,6471
1657921540,131.72.106.0/23,None,61732,61732
1657737998,131.100.94.5/32,None,53001,53001
1657860563,131.161.61.0/24,None,264364,263569
1657862120,138.0.120.0/24,None,14259,272014
1657916611,138.219.66.0/24,None,263651,268205
1657877518,139.15.12.0/24,None,9183,203970
1657884669,139.28.152.0/22,None,198930,212341
1657790765,139.131.208.0/20,None,14297,53297+55002
1657910289,139.190.32.0/24,None,22333,60458
1657910289,139.190.33.0/24,None,22333,60458
1657836798,139.190.36.0/24,None,22333,10753
1657912766,139.190.37.0/24,None,22333,10753
1657908786,139.190.44.0/24,None,22333,60458
1657887680,139.190.45.0/24,None,22333,60458
1657880595,139.190.51.0/24,None,22333,1239
1657852447,139.190.58.0/24,None,22333,1239
1657858531,139.190.60.0/24,None,22333,60458
1657909383,139.190.104.0/22,None,13768,397373
1657917336,140.213.118.0/24,None,17885,139994
1657920361,140.228.20.0/24,None,7018,19437
1657911102,140.228.23.0/24,None,61317,1239
1657910261,140.228.30.0/23,None,1239,61317
1657913772,141.11.68.0/24,None,60721,211936+3320
1657884726,141.11.177.0/24,None,57416,399641
1657910139,141.80.0.0/16,None,680,210482
1657910261,141.140.0.0/22,None,1239,49999
1657904448,41.252.0.0/18,None,21003,21003
1657870415,41.252.128.0/18,None,21003,21003
1657888189,41.253.96.0/19,None,21003,21003
1657875384,41.253.160.0/20,None,21003,21003
1657877380,41.253.176.0/21,None,21003,21003
1657908820,41.253.184.0/21,None,21003,21003
1657918515,41.253.224.0/19,None,21003,21003
1657897997,41.254.40.0/24,None,21003,21003
1657877370,41.254.46.0/24,None,21003,21003
1657914644,41.254.52.0/24,None,21003,21003
1657918376,41.254.56.0/24,None,21003,21003
1657904449,42.60.0.0/17,None,9506,3758
1657921171,43.225.248.0/24,None,137085,133248
1657904448,43.239.78.0/24,None,133977,45117
1657738359,43.239.159.110/32,None,55799,55799
1657738331,43.245.70.40/30,None,55845,38880
1657922341,43.246.226.0/24,None,58895,141711
1657738335,43.255.240.71/32,None,59374,59374
1657824317,45.4.67.0/24,None,53059,53059
1657922024,45.5.220.0/22,None,266123,263569
1657785015,45.6.100.0/24,None,266181,266181
1657920724,45.6.199.0/24,None,266563,266563
1657738268,45.6.221.217/32,None,266248,266248
1657738268,45.6.221.233/32,None,266248,266248
1657738268,45.6.221.241/32,None,266248,266248
1657738268,45.6.221.249/32,None,266248,266248
1657738268,45.6.223.237/32,None,266248,266248
1657911884,45.8.70.0/24,None,45671,137409
1657920764,45.9.8.0/23,None,41378,60021
1657918186,45.11.40.0/24,None,15924,205893
1657836781,45.11.107.0/24,None,57695,969
1657908527,45.38.182.0/24,None,141039,136787
1657911681,45.41.105.0/24,None,45558,9988
1657921952,45.42.176.0/24,None,54578,834
1657921698,45.66.149.0/24,None,61317,212238
1657910082,45.80.106.0/24,None,46844,35830
1657920756,45.88.13.0/24,None,142403,398343
1657875145,45.114.83.0/24,None,56209,55352
1657738209,45.118.244.41/32,None,58717,45905
1657738209,45.118.246.1/32,None,58717,45905
1657907355,45.131.33.0/24,None,212657,50247
1657910297,45.145.122.0/23,None,1239,211373
1657877930,45.155.241.0/24,None,212578,8311
1657910297,45.156.58.0/23,None,1239,211440
1657913398,45.157.71.0/24,None,139471,32558
1657917199,45.162.77.0/24,None,18678,262589
1657919784,45.162.78.0/24,None,18678,262589
1657877974,45.163.0.0/22,None,271275,262847
1657844140,45.168.238.0/24,None,265530,270158
1657820251,45.169.240.0/24,None,268134,268134
1657842027,45.172.19.0/24,None,267785,264619
1657878536,45.184.224.0/24,None,269805,269805
1657921065,45.186.209.0/24,None,269827,263703
1657891870,45.225.236.0/22,None,264073,263569
1657922395,45.225.236.0/23,None,264073,263569
1657842271,45.229.168.0/24,None,266694,266694
1657913452,45.229.171.0/24,None,266694,266694
1657866184,45.231.213.0/24,None,267219,267219
1657919713,45.232.185.0/24,None,267271,267271
1657874204,45.250.219.0/24,None,134864,138257
1657919821,45.251.228.0/23,None,136498,59362
1657920285,46.3.128.0/24,None,207636,2914
1657738298,46.20.60.66/32,None,62393,62393
1657817558,2405:dc00:ef01:10::/126,None,4804,4804
1657738064,2405:dc00:ef01:101::/126,None,4804,4804
1657738064,2405:dc00:ef01:10c::/126,None,4804,4804
1657835241,2405:dc00:ef01:10f::/126,None,4804,4804
1657738064,2405:dc00:ef01:111::/126,None,4804,4804
1657817327,2405:dc00:ef01:202::/126,None,4804,4804
1657738066,2405:dc00:ef01:20d::/126,None,4804,4804
1657738065,2405:dc00:ef01:306::/126,None,4804,4804
1657738065,2405:dc00:ef01:307::/126,None,4804,4804
1657920965,2405:f3c0::/48,None,41378,210110
1657738056,2406:24c0:8::/48,None,136634,136634
1657922117,2406:3000:d::/48,None,140928,4657
1657922117,2406:3000:e::/48,None,140929,4657
1657917198,2406:84c0::/32,None,138225,140178
1657915737,2406:8800:9022::/48,None,17465,17465
1657915737,2406:8800:9032::/48,None,17465,17465
1657738112,2406:c940:1::/48,None,58972,58972
1657922150,2407:7380:1000::/36,None,134970,134970
1657922150,2407:7380:6000::/36,None,134970,134970
1657781366,240d:c010:1b::/48,None,132203,139341
1657919202,2602:fc5d:51::/48,None,399866,399866
1657922244,2602:feb2:40::/42,None,62492,1820
1657922216,2602:fed2:7317::/48,None,53356,400298
1657922250,2602:feda:ab7::/48,None,141011,142634+47158
1657921713,2603:b010:7000::/36,None,11796,11796
1657921713,2603:b010:fffd::/48,None,11796,11796
1657916611,2603:b0e0:cafe::/48,None,11796,11796
1657916611,2603:b0e0:efac::/48,None,11796,11796
1657921733,2604:1380:4501::/48,None,54825,54825
1657921733,2604:1380:4502::/48,None,54825,54825
1657915569,2604:bc40:6000::/48,None,14618,22188
1657922327,2605:59c1:3000::/36,None,36492,14593
1657922328,2605:59c1:d000::/36,None,36492,14593
1657922328,2605:59c2:1040::/43,None,36492,14593
1657922328,2605:59c2:10a0::/43,None,36492,14593
1657922328,2605:59c2:12e0::/43,None,36492,14593
1657922328,2605:59c2:14c0::/43,None,36492,14593
1657922328,2605:59c2:1600::/43,None,36492,14593
1657922328,2605:59c2:1660::/43,None,36492,14593
1657922328,2605:59c2:16c0::/43,None,36492,14593
1657922328,2605:59c2:1700::/43,None,36492,14593
1657922328,2605:59c2:1e80::/43,None,36492,14593
1657922328,2605:59c2:1ea0::/43,None,36492,14593
1657920133,2607:7c80:57::/48,None,6373,64260
1657738118,2607:f6f8:3100::/48,None,30170,30170
1657916194,2620:49:3::/48,None,16686,36236
1657917441,2620:4d:400d::/48,None,62597,395403
1657907208,2620:16d:700::/48,None,7862,7862
1657918921,2800:310:40c::/48,None,18678,262589
1657908880,2800:370:100::/46,None,28006,14420
1657907552,2800:370:120::/46,None,28006,14420
1657907970,2800:370:130::/46,None,28006,14420
1657908202,2800:370:134::/46,None,28006,14420
1657921564,2800:370:140::/46,None,28006,14420
1657918887,2800:485:fe00::/48,None,14080,10620
1657922380,2800:4f0:30::/46,None,28006,14420
1657922380,2800:4f0:34::/46,None,28006,14420
1657922380,2800:4f0:38::/46,None,28006,14420
1657921564,2800:4f0:50c::/46,None,28006,14420
1657922380,2800:4f0:51c::/46,None,28006,14420
1657738141,2800:670::/32,None,262589,52280
1657918953,2800:9a0:200::/40,None,14522,14522
1657918953,2800:9a0:300::/40,None,14522,14522
1657918953,2800:9a0:400::/40,None,14522,14522
1657918953,2800:9a0:1000::/40,None,14522,14522
1657909408,2800:ba0:14::/48,None,263812,27796
1657918594,2801:2:100::/48,None,17147,17147
1657918766,2802:0:46::/48,None,18747,18747
1657738144,2803:2b00:ffff:ffff:ffff:ffff:0:3c/128,None,52468,52468
1657916611,2803:3f40::/48,None,264754,264754
1657921857,2803:6aa0::/48,None,266872,266872
1657920276,2803:9810:20::/43,None,36492,14593
1657920276,2803:9810:80::/43,None,36492,14593
1657920276,2803:9810:120::/43,None,36492,14593
1657920276,2803:9810:420::/43,None,36492,14593
1657920276,2803:9810:520::/43,None,36492,14593
1657920276,2803:9810:680::/43,None,36492,14593
1657920276,2803:9810:900::/43,None,36492,14593
1657920276,2803:9810:a20::/43,None,36492,14593
1657920276,2803:9810:a40::/43,None,36492,14593
1657920276,2803:9810:c40::/43,None,36492,14593
1657920276,2803:9810:ea0::/43,None,36492,14593
1657920276,2803:9810:ec0::/43,None,36492,14593
1657920276,2803:9810:10c0::/43,None,36492,14593
1657920276,2803:9810:12c0::/43,None,36492,14593
1657920276,2803:9810:1620::/43,None,36492,14593
1657920276,2803:9810:1840::/43,None,36492,14593
1657920276,2803:9810:1880::/43,None,36492,14593
1657920276,2803:9810:18a0::/43,None,36492,14593
1657920276,2803:9810:1900::/43,None,36492,14593
1657920276,2803:9810:1aa0::/43,None,36492,14593
1657920276,2803:9810:1b00::/43,None,36492,14593
1657920276,2803:9810:1b20::/43,None,36492,14593
1657920276,2803:9810:1c40::/43,None,36492,14593
1657920276,2803:9810:1c80::/43,None,36492,14593
1657920276,2803:9810:1ca0::/43,None,36492,14593
1657920276,2803:9810:1d20::/43,None,36492,14593
1657920276,2803:9810:1e80::/43,None,36492,14593
1657916999,2803:ab00:92::/48,None,23520,52471
1657907242,2803:d110::/32,None,271994,262186
1657917296,2803:df20:4000::/34,None,266781,266781
1657921620,2804:0:8000::/33,None,2716,2716
1657922231,2804:354:a::/48,None,262874,262874
1657921299,2804:6e4:8000::/33,None,262612,262612
1657918852,2804:920:d000::/36,None,263053,263053
1657921636,2804:1110:8200::/48,None,262901,262901
1657918667,2804:2bec::/32,None,265184,267575
1657921598,2804:2bec::/33,None,265184,267575
1657921324,2804:3c80:1190::/44,None,266216,266216
1657916406,114.130.36.0/24,None,17806,132608
1657899827,114.130.37.0/24,None,17806,132608
1657904649,114.130.92.0/24,None,17806,132608
1657738118,115.109.145.0/24,None,17908,17908
1657738118,115.109.152.0/24,None,17908,17908
1657738118,115.109.155.0/24,None,17908,17908
1657922248,115.127.40.0/24,None,24342,55846
1657880065,115.186.38.0/24,None,38710,38710
1657836774,115.248.24.0/22,None,18101,18101
1657858210,115.248.48.0/22,None,18101,18101
1657861604,115.248.52.0/22,None,18101,18101
1657868864,115.248.60.0/22,None,18101,18101
1657738455,115.248.136.0/22,None,18101,18101
1657910322,115.248.148.0/22,None,18101,18101
1657791140,115.248.196.0/22,None,18101,18101
1657854408,115.249.8.0/22,None,18101,18101
1657850975,115.249.12.0/22,None,18101,18101
1657876043,115.249.32.0/22,None,18101,18101
1657858214,115.249.52.0/22,None,18101,18101
1657738302,115.249.96.0/22,None,18101,18101
1657738234,115.249.100.0/22,None,18101,18101
1657912891,115.249.116.0/22,None,18101,18101
1657920072,115.249.124.0/22,None,18101,18101
1657887386,115.252.70.0/24,None,18101,18101
1657903304,115.252.84.0/22,None,18101,18101
1657738395,115.252.140.0/22,None,18101,18101
1657738459,115.252.159.0/24,None,18101,18101
1657765275,115.252.186.0/24,None,18101,18101
1657772203,115.252.194.0/24,None,18101,18101
1657738287,115.254.128.0/20,None,18101,18101
1657794818,115.254.208.0/20,None,18101,18101
1657885105,115.254.224.0/20,None,18101,18101
1657738270,116.50.167.22/32,None,9658,9658
1657738270,116.50.189.98/32,None,9658,9658
1657738270,116.50.189.99/32,None,9658,9658
1657738371,116.58.75.11/32,None,17563,17563
1657920796,116.193.156.0/24,None,142612,15083
1657738297,116.206.184.0/23,None,137549,135610
1657848854,117.205.216.0/21,None,9829,9829
1657907411,117.239.20.0/22,None,9829,9829
1657884064,118.179.142.0/24,None,23956,133083
1657916675,118.185.115.0/24,None,55410,64520
1657922344,119.2.76.0/23,None,24201,131704
1657922344,119.2.78.0/24,None,24201,131704
1657922344,119.2.79.0/24,None,24201,131704
1657922344,119.2.80.0/24,None,24201,131704
1657922344,119.2.84.0/24,None,24201,131704
1657916468,119.2.93.0/24,None,24201,131704
1657738180,119.63.132.108/32,None,38193,45843
1657738180,119.63.132.110/32,None,38193,45843
1657803815,119.148.22.0/24,None,23923,63939
1657738087,119.225.19.120/29,None,7474,7474
1657738190,119.225.62.38/32,None,7474,7474
1657738080,119.225.70.144/29,None,137938,7474
1657738136,119.225.73.152/29,None,13821,7474
1657738270,120.89.46.29/32,None,9658,9658
1657845729,121.100.23.0/24,None,9341,9341
1657916418,121.227.7.0/24,None,140292,23650
1657916418,121.228.130.0/24,None,140292,23650
1657842822,122.11.197.0/24,None,138345,4657+38861
1657922264,122.146.97.0/24,None,4780,9919
1657872864,122.147.160.0/19,None,9919,4780
1657878776,123.192.96.0/21,None,38841,38841
1657912024,123.192.104.0/21,None,38841,38841
1657841363,123.205.39.0/24,None,18049,4780
1657827179,123.205.40.0/21,None,18049,4780
1657920882,123.205.64.0/20,None,18049,4780
1657920882,123.205.70.0/24,None,18049,4780
1657909127,123.205.75.0/24,None,18049,4780
1657920882,123.205.80.0/20,None,18049,4780
1657738091,124.9.1.101/32,None,9924,9924
1657738091,124.9.9.1/32,None,9924,9924
1657738091,124.9.9.65/32,None,9924,9924
1657738091,124.9.66.6/32,None,9924,131611
1657738088,124.19.2.64/26,None,7474,7474
1657738088,124.19.5.48/29,None,7474,7474
1657738088,124.19.11.66/32,None,7474,7474
1657738143,124.19.11.240/29,None,142590,7474
1657737993,124.19.106.128/28,None,139342,7474
1657738088,124.19.113.76/32,None,7474,7474
1657891263,208.109.154.0/24,None,44273,398103
1657921697,209.8.144.0/22,None,3491,198148
1657921697,209.9.110.0/24,None,3491,198148
1657908891,209.29.161.0/24,None,7861,852
1657909642,209.29.163.0/24,None,7861,852
1657824543,209.58.71.0/24,None,6453,6453
1657812982,209.58.72.0/24,None,6453,6453
1657919802,209.96.142.0/23,None,7029,7029
1657919802,209.96.232.0/22,None,7029,7029
1657919280,209.150.150.0/24,None,138423,59257
1657738323,210.49.36.124/30,None,4804,4804
1657738323,210.49.36.128/30,None,4804,4804
1657738323,210.49.37.68/30,None,4804,4804
1657738323,210.49.37.72/30,None,4804,4804
1657817926,210.49.37.76/30,None,4804,4804
1657738323,210.49.37.84/30,None,4804,4804
1657818046,210.49.37.92/30,None,4804,4804
1657738323,210.49.38.8/30,None,4804,4804
1657738323,210.49.38.24/30,None,4804,4804
1657738323,210.49.38.32/30,None,4804,4804
1657738323,210.49.38.112/30,None,4804,4804
1657738323,210.49.38.120/30,None,4804,4804
1657738323,210.49.38.136/30,None,4804,4804
1657738323,210.49.38.144/30,None,4804,4804
1657738323,210.49.38.152/30,None,4804,4804
1657738323,210.49.38.216/30,None,4804,4804
1657738323,210.49.39.64/30,None,4804,4804
1657738323,210.49.39.88/30,None,4804,4804
1657816732,210.49.39.152/30,None,4804,4804
1657834496,210.49.39.156/30,None,4804,4804
1657738024,210.49.47.208/28,None,4804,4804
1657738296,210.49.126.0/28,None,4804,4804
1657738336,210.49.126.128/28,None,4804,4804
1657738372,210.49.224.64/26,None,4804,4804
1657738323,210.49.225.16/28,None,4804,4804
1657738323,210.49.227.112/28,None,4804,4804
1657738041,210.49.228.0/27,None,4804,4804
1657738319,210.56.25.9/32,None,7590,7590
1657911426,210.63.204.0/24,None,24154,17709
1657909663,210.63.206.0/24,None,24154,17709
1657910519,210.63.207.0/24,None,24154,17709
1657890267,210.63.209.0/24,None,24154,17709
1657746779,210.79.212.0/24,None,17910,17910
1657746779,210.79.214.0/24,None,17910,17910
1657920186,210.203.2.0/24,None,9311,7482
1657896032,210.212.77.0/24,None,9829,9829
1657921807,212.1.219.0/24,None,30762,8075
1657914015,212.5.130.0/24,None,8866,8795+39135
1657738118,212.29.210.114/32,None,1680,1680
1657738118,212.29.210.125/32,None,1680,1680
1657738118,212.29.210.126/32,None,1680,1680
1657738343,212.45.72.24/32,None,42459,25076
1657913383,212.53.164.0/24,None,8893,208058
1657913383,212.53.172.0/24,None,8893,208058
1657913383,212.53.194.0/24,None,8893,208058
1657738142,212.69.135.0/24,None,174,62240+209372
1657913383,212.72.179.0/24,None,8893,208058
1657913383,212.72.190.0/24,None,8893,208058
1657869346,212.137.64.0/21,None,1273,1273
1657738118,212.143.2.224/32,None,1680,1680
1657738118,212.143.2.245/32,None,1680,1680
1657738118,212.143.78.136/32,None,1680,1680
1657738118,212.150.51.27/32,None,1680,1680
1657738118,212.150.51.28/32,None,1680,1680
1657738118,212.150.158.180/32,None,1680,1680
1657904446,212.188.66.0/23,None,49154,49154
1657904446,213.87.100.0/24,None,8359,39811
1657738327,213.134.134.134/32,None,12741,12741
1657909114,213.155.102.0/24,None,8685,8685
1657921827,213.166.84.0/24,None,1299,25369
1657917040,213.166.85.0/24,None,212914,25369
1657738172,213.168.195.0/28,None,9145,9145
1657876338,2.63.205.0/24,None,12389,12389
1657921650,5.83.120.0/22,None,49360,39120
1657738431,5.152.158.0/24,None,60530,199026
1657738212,5.159.7.241/32,None,49808,49808
1657921678,5.162.152.0/23,None,50010,50010
1657921678,5.162.168.0/23,None,50010,50010
1657738343,5.172.177.249/32,None,48011,48011
1657738266,5.188.83.176/32,None,49505,50340
1657738266,5.188.83.180/32,None,49505,50340
1657738266,5.188.119.49/32,None,49505,49505
1657920412,5.188.170.0/24,None,199524,210756
1657904372,5.189.205.0/24,None,199524,210756
1657879903,14.141.135.0/24,None,4755,4755
1657896282,23.27.227.0/24,None,18779,136787
1657898481,23.133.248.0/24,None,400542,54681
1657922274,23.133.249.0/24,None,400542,54681
1657919604,23.184.240.0/24,None,10753,207713
1657920874,23.226.80.0/24,None,31775,62727
1657920874,23.226.83.0/24,None,31775,62727
1657920874,23.226.89.0/24,None,31775,62727
1657920874,23.226.92.0/24,None,31775,62727
1657820435,23.226.137.0/24,None,7185,8100
1657920399,23.230.12.0/24,None,64267,54252
1657876704,23.248.160.0/24,None,21859,4766
1657879324,24.38.61.0/24,None,18960,6128
1657899171,194.87.227.0/24,None,210654,399471
1657738118,194.90.8.90/32,None,1680,1680
1657738118,194.90.8.93/32,None,1680,1680
1657910146,194.113.67.0/24,None,2856,40021
1657900931,194.135.119.0/24,None,47810,16509+203647
1657854302,194.217.57.0/24,None,1273,1273
1657911884,195.8.201.0/24,None,45671,137409
1657772305,195.27.237.0/24,None,1273,1273
1657787182,195.59.124.0/24,None,1273,1273
1657839538,195.59.160.0/24,None,1273,1273
1657853793,195.59.176.0/24,None,1273,1273
1657922126,195.87.161.0/24,None,15924,8386
1657789822,195.89.241.0/24,None,1273,1273
1657738252,195.93.180.3/32,None,48614,48614
1657922035,195.97.20.0/24,None,3329,3329
1657890572,195.97.24.0/22,None,3329,3329
1657890592,195.97.80.0/22,None,3329,3329
1657922307,195.97.86.0/23,None,3329,3329
1657914236,195.97.88.0/22,None,3329,3329
1657844918,195.206.167.0/24,None,1299,25369
1657909515,195.208.220.0/23,None,51408,49199
1657921272,195.211.56.0/22,None,51531,205530
1657738349,195.244.235.222/32,None,5605,5605
1657910877,195.253.88.0/23,None,8561,50611+48519
1657884263,196.0.10.0/24,None,21491,21491
1657884263,196.0.43.0/24,None,21491,21491
1657921099,196.13.250.0/24,None,2018,36982
1657738355,196.49.13.0/24,None,37054,327866+37887
1657918981,197.155.107.0/24,None,37357,37356
1657910266,198.37.109.0/24,None,397423,17216
1657920278,198.37.124.0/24,None,397373,17216
1657908994,198.105.102.0/24,None,61317,64080+58305
1657738323,198.142.128.128/32,None,4804,4804
1657738323,198.142.128.214/32,None,4804,4804
1657738323,198.142.129.56/32,None,4804,4804
1657738323,198.142.130.200/32,None,4804,4804
1657738323,198.142.131.29/32,None,4804,4804
1657738323,198.142.132.200/32,None,4804,4804
1657816918,198.142.237.240/30,None,4804,4804
1657738323,198.142.237.244/30,None,4804,4804
1657738323,198.142.247.27/32,None,4804,4804
1657738323,198.142.251.224/27,None,4804,4804
1657787114,186.225.150.187/32,None,262761,262761
1657737998,186.235.57.1/32,None,53001,53001
1657866892,187.44.163.34/32,None,28186,28186
1657847530,188.70.60.0/23,None,29357,29357
1657871430,188.71.206.0/23,None,29357,29357
1657784420,188.71.240.0/23,None,29357,29357
1657921550,188.71.246.0/23,None,29357,29357
1657796789,188.71.254.0/23,None,29357,29357
1657918915,188.135.18.0/23,None,50010,50010
1657896863,188.162.188.0/23,None,31163,31133
1657921697,188.209.122.0/23,None,51490,203346
1657888896,188.240.210.0/24,None,203523,39543
1657738218,188.241.120.129/32,None,25369,25369
1657828040,188.248.40.0/21,None,47794,48695
1657915080,188.253.32.0/19,None,58224,49100
1657866892,189.89.183.2/32,None,28186,28186
1657738341,189.124.127.129/32,None,28292,28292
1657840233,190.11.2.0/24,None,28006,14420
1657899879,190.11.7.0/24,None,28006,14420
1657922023,190.54.136.0/22,None,6535,6429
1657910064,190.60.21.0/24,None,18747,7087
1657910042,190.62.0.0/18,None,14754,14754
1657921447,190.62.8.0/24,None,14754,14754
1657855032,190.89.66.0/23,None,270357,270357
1657916923,190.90.4.0/24,None,18678,262589
1657916923,190.90.29.0/24,None,18678,262589
1657916923,190.90.55.0/24,None,18678,262589
1657916923,190.90.86.0/24,None,18678,262589
1657916923,190.90.101.0/24,None,18678,262589
1657916923,190.90.239.0/24,None,18678,262589
1657916923,190.94.182.0/24,None,262195,262589
1657916923,190.94.186.0/24,None,262195,262589
1657887734,190.102.224.0/24,None,27901,27901
1657883165,190.102.231.0/24,None,27901,27901
1657918499,190.105.177.0/24,None,52308,52308
1657896301,190.105.186.0/24,None,52308,52308
1657875500,190.105.187.0/24,None,52308,52308
1657909754,190.107.20.0/24,None,27951,262589+18678
1657921318,190.110.235.0/24,None,263834,52399
1657920592,190.114.192.0/20,None,27883,27883
1657889039,190.121.157.0/24,None,27951,262589+18678
1657849845,190.123.96.0/21,None,27877,27877
1657835877,190.151.145.0/24,None,52339,52339
1657835877,190.151.146.0/24,None,52339,52339
1657913399,190.151.148.0/24,None,52339,52339
1657922272,190.151.151.0/24,None,52339,52339
1657912463,190.151.153.0/24,None,52339,52339
1657912463,190.151.156.0/24,None,52339,52339
1657897687,190.152.71.0/24,None,27757,28006
1657845531,216.73.162.0/24,None,206092,7040
1657851419,216.122.172.0/24,None,40676,397423
1657919803,216.126.128.0/24,None,7029,7029
1657919803,216.126.136.0/24,None,7029,7029
1657839881,216.164.199.0/24,None,397186,6079
1657890402,216.177.139.0/24,None,61317,399746+212786
1657907199,217.11.245.0/24,None,15685,42000
1657738204,217.21.244.127/32,None,28878,28878
1657918878,217.65.136.0/24,None,36492,14593
1657920697,217.66.227.0/24,None,12975,15975
1657920697,217.66.236.0/24,None,12975,15975
1657895947,217.72.224.0/20,None,44944,6848
1657906106,217.116.213.0/24,None,51595,31027
1657738426,217.116.216.0/24,None,31027,31027
1657738113,217.153.155.160/29,None,199410,199410
1657916898,218.6.171.0/24,None,139220,38283
1657920863,218.35.40.0/24,None,131597,131597
1657911181,218.35.42.0/24,None,131597,131597
1657911181,218.35.49.0/24,None,131597,131597
1657911181,218.35.50.0/24,None,131597,131597
1657738191,220.101.1.8/29,None,7474,7474
1657738088,220.101.3.0/27,None,7474,7474
1657738088,220.101.7.160/27,None,7474,7474
1657843505,220.101.17.178/31,None,7474,7474
1657738088,220.101.22.48/28,None,7474,7474
1657738088,220.101.31.24/29,None,7474,7474
1657738088,220.101.31.96/30,None,7474,7474
1657738088,220.101.31.192/28,None,7474,7474
1657738088,220.101.33.0/29,None,7474,7474
1657738227,220.101.38.192/28,None,21534,7474
1657738088,220.101.40.96/27,None,7474,7474
1657738088,220.101.40.240/29,None,7474,7474
1657738196,220.101.46.24/30,None,133146,7474
1657738088,220.101.54.128/25,None,7474,7474
1657738088,220.101.92.192/27,None,7474,7474
1657738088,220.101.94.160/28,None,7474,7474
1657738088,220.101.102.80/28,None,7474,7474
1657738088,220.101.102.192/26,None,7474,7474
1657738224,220.101.120.32/28,None,58780,7474
1657915121,220.128.82.0/23,None,3462,10126
1657780723,220.225.19.0/24,None,18101,18101
1657809355,220.225.52.0/24,None,18101,18101
1657739363,220.225.70.0/24,None,18101,18101
1657911745,220.225.72.0/24,None,18101,18101
1657910558,220.225.80.0/23,None,18101,18101
1657834722,220.225.209.0/24,None,18101,18101
1657835573,220.225.210.0/24,None,18101,18101
1657838390,220.225.213.0/24,None,18101,18101
1657839243,220.225.214.0/24,None,18101,18101
1657829647,220.225.219.0/24,None,18101,18101
1657876517,220.225.225.0/24,None,18101,18101
1657877368,220.225.226.0/24,None,18101,18101
1657878194,220.225.227.0/24,None,18101,18101
1657872478,220.225.235.0/24,None,18101,18101
1657865276,220.225.243.0/24,None,18101,18101
1657867922,220.225.246.0/24,None,18101,18101
1657859859,220.225.253.0/24,None,18101,18101
1657791061,220.226.3.0/24,None,18101,18101
1657891539,220.226.158.0/24,None,18101,18101
1657914541,220.226.177.0/24,None,18101,18101
1657847202,220.226.195.0/24,None,18101,18101
1657789413,220.227.5.0/24,None,18101,18101
1657791852,220.227.8.0/24,None,18101,18101
1657779084,220.227.25.0/24,None,18101,18101
1657802474,220.227.52.0/23,None,18101,18101
1657805767,220.227.56.0/24,None,18101,18101
1657810239,220.227.61.0/24,None,18101,18101
1657738445,220.227.73.0/24,None,18101,18101
1657738455,220.227.75.0/24,None,18101,18101
1657738466,220.227.77.0/24,None,18101,18101
1657739373,220.227.78.0/24,None,18101,18101
1657910757,220.227.89.0/24,None,18101,18101
1657748516,220.227.118.0/24,None,18101,18101
1657749413,220.227.119.0/24,None,18101,18101
1657753833,220.227.124.0/24,None,18101,18101
1657754708,220.227.125.0/24,None,18101,18101
1657888135,220.227.150.0/24,None,18101,18101
1657888963,220.227.151.0/24,None,18101,18101
1657895266,220.227.158.0/24,None,18101,18101
1657738403,220.227.174.0/24,None,18101,18101
1657910183,220.227.176.0/23,None,18101,18101
1657918274,220.227.185.0/24,None,18101,18101
1657840913,220.227.192.0/23,None,18101,18101
1657854337,220.227.207.0/24,None,18101,18101
1657834728,220.227.217.0/24,None,18101,18101
1657836693,220.227.219.0/24,None,18101,18101
1657856092,220.227.241.0/24,None,18101,18101
1657864175,220.227.250.0/24,None,18101,18101
1657878652,220.247.168.0/24,None,9341,9341
1657919697,221.120.100.0/24,None,38192,135076
1657920406,221.120.102.0/24,None,38192,135076
1657911187,223.22.63.0/24,None,17709,131591
1657916452,223.27.147.0/24,None,38496,137346
1657920640,223.27.155.0/24,None,38496,137346
1657893065,223.29.227.0/24,None,9387,9387
1657906368,223.224.38.0/24,None,9498,45609
1657916980,223.239.48.0/22,None,45609,24560
1657916980,223.239.52.0/22,None,45609,24560
1657921438,223.239.56.0/22,None,45609,24560
1657919065,2001:56b:9::/48,None,7861,852
1657921529,2001:579:1884::/46,None,22773,22773
1657917684,2001:5a0:3903::/48,None,6453,6453
1657738033,2001:828:425::5360:8da4/128,None,21155,21155
1657881573,92.127.160.0/19,None,12389,12389
1657913786,92.223.5.0/24,None,199524,210756
1657907820,92.223.33.0/24,None,199524,210756
1657921033,92.223.41.0/24,None,199524,210756
1657922360,92.223.114.0/24,None,199524,210756
1657917895,93.119.104.0/24,None,203523,39543
1657891386,93.176.87.0/24,None,31027,31027
1657885309,94.24.44.0/23,None,199853,29119
1657737994,94.43.1.44/32,None,35805,35805
1657738196,94.75.82.0/23,None,201990,6830
1657889394,94.100.6.0/24,None,47570,48496
1657921638,94.121.152.0/21,None,12978,12978
1657904525,94.122.96.0/24,None,12978,12978
1657921807,94.143.105.0/24,None,30762,8075
1657881886,94.245.131.0/24,None,12389,12389
1657922021,95.43.250.0/24,None,8866,43561
1657839453,95.47.170.0/24,None,44834,44546
1657916190,95.142.10.0/24,None,15830,15734
1657738372,95.161.154.197/32,None,8492,8492
1657875289,95.168.128.0/20,None,20880,16202
1657921313,95.213.146.0/24,None,49505,49505
1657921313,95.213.182.0/23,None,49505,49505
1657901734,95.213.200.0/24,None,49505,49505
1657885653,96.43.65.0/24,None,21627,22302
1657921019,98.142.132.0/22,None,25820,6233
1657901333,101.50.18.0/23,None,4787,4787
1657901335,101.50.28.0/23,None,4787,4787
1657901335,101.50.30.0/23,None,4787,4787
1657911619,101.255.38.0/24,None,38511,38511
1657911619,101.255.49.0/24,None,38511,38511
1657911619,101.255.55.0/24,None,38511,38511
1657911619,101.255.56.0/24,None,38511,38511
1657911619,101.255.63.0/24,None,38511,38511
1657911619,101.255.75.0/24,None,38511,38511
1657911619,101.255.76.0/24,None,38511,38511
1657911619,101.255.80.0/24,None,38511,38511
1657911619,101.255.81.0/24,None,38511,38511
1657911619,101.255.89.0/24,None,38511,38511
1657911619,101.255.93.0/24,None,38511,38511
1657911619,101.255.97.0/24,None,38511,38511
1657911619,101.255.119.0/24,None,38511,38511
1657911619,101.255.128.0/24,None,38511,38511
1657911619,101.255.132.0/24,None,38511,38511
1657911619,101.255.133.0/24,None,38511,38511
1657911619,101.255.156.0/24,None,38511,38511
1657911619,101.255.158.0/24,None,38511,38511
1657911619,101.255.159.0/24,None,38511,38511
1657911619,101.255.162.0/23,None,38511,38511
1657911619,101.255.162.0/24,None,38511,38511
1657911619,101.255.165.0/24,None,38511,38511
1657911619,101.255.166.0/24,None,38511,38511
1657911619,101.255.178.0/24,None,38511,38511
1657917218,102.129.252.0/24,None,61317,174
1657910898,103.1.237.180/32,None,45544,45544
1657899833,103.3.224.0/24,None,56264,203020
1657916353,103.7.75.0/24,None,55707,7490
1657916715,103.11.237.0/24,None,132827,15412
1657738209,103.17.180.57/32,None,58717,58826
1657871255,24.187.70.0/23,None,54004,6128
1657910898,27.0.12.215/32,None,45544,45544
1657919995,27.0.235.0/24,None,8100,138995
1657922380,27.57.212.0/23,None,45609,24560
1657738319,27.254.32.18/32,None,7568,9891
1657738319,27.254.40.73/32,None,7568,9891
1657738319,27.254.40.181/32,None,7568,9891
1657738319,27.254.40.182/32,None,7568,9891
1657738319,27.254.40.185/32,None,7568,9891
1657738319,27.254.40.187/32,None,7568,9891
1657738319,27.254.40.188/32,None,7568,9891
1657738319,27.254.95.122/32,None,7568,9891
1657738319,27.254.136.44/32,None,7568,9891
1657738319,27.254.136.49/32,None,7568,9891
1657738319,27.254.139.127/32,None,7568,9891
1657738034,27.254.142.121/32,None,63989,63989
1657738034,27.254.142.124/32,None,63989,63989
1657738034,27.254.142.177/32,None,63989,63989
1657738319,27.254.149.115/32,None,7568,9891
1657738319,27.254.150.94/32,None,7568,9891
1657886234,31.40.157.0/24,None,208397,206810
1657921617,31.56.64.0/20,None,31549,205647
1657738204,31.134.48.0/32,None,50467,50467
1657737995,31.146.83.169/32,None,35805,35805
1657881362,31.153.64.0/20,None,6866,6866
1657738190,31.179.204.0/24,None,201046,6830
1657831518,31.222.113.0/24,None,203534,50129+200845
1657915904,31.222.204.0/23,None,30823,3320+393427
1657767945,36.66.17.0/24,None,137019,7713
1657917267,36.75.32.0/20,None,7713,7713
1657917267,36.75.76.0/22,None,7713,7713
1657876992,36.75.120.0/21,None,7713,7713
1657917272,36.75.168.0/21,None,7713,7713
1657802069,36.88.32.0/19,None,7713,7713
1657746154,36.88.96.0/19,None,7713,7713
1657885660,36.88.128.0/19,None,7713,7713
1657774179,36.90.8.0/22,None,7713,7713
1657788120,36.90.24.0/22,None,7713,7713
1657805362,36.90.36.0/22,None,7713,7713
1657819176,36.90.52.0/22,None,7713,7713
1657738293,36.90.64.0/22,None,7713,7713
1657738410,36.90.88.0/22,None,7713,7713
1657738359,36.90.92.0/23,None,7713,7713
1657738391,36.90.94.0/23,None,7713,7713
1657753420,36.90.96.0/22,None,7713,7713
1657741290,36.90.108.0/22,None,7713,7713
1657758655,36.90.126.0/23,None,7713,7713
1657903618,36.90.148.0/23,None,7713,7713
1657901939,36.90.154.0/23,None,7713,7713
1657738248,36.90.176.0/22,None,7713,7713
1657738285,36.90.184.0/23,None,7713,7713
1657840478,36.90.220.0/23,None,7713,7713
1657867486,36.90.226.0/23,None,7713,7713
1657861931,36.90.228.0/23,None,7713,7713
1657863705,36.90.230.0/23,None,7713,7713
1657878611,36.90.240.0/23,None,7713,7713
1657876930,36.90.246.0/23,None,7713,7713
1657872953,36.90.248.0/23,None,7713,7713
1657874684,36.90.250.0/23,None,7713,7713
1657870936,36.90.254.0/23,None,7713,7713
1657915890,37.6.0.0/21,None,25472,25472
1657738206,37.6.24.0/24,None,25472,25472
1657738206,37.6.26.0/24,None,25472,25472
1657738206,37.6.69.0/24,None,25472,25472
1657738206,37.6.80.0/21,None,25472,25472
1657738206,37.6.169.0/24,None,25472,25472
1657738206,37.6.214.0/24,None,25472,25472
1657738206,37.6.215.0/24,None,25472,25472
1657738206,37.6.218.0/23,None,25472,25472
1657738206,37.6.222.0/23,None,25472,25472
1657738206,37.6.226.0/23,None,25472,25472
1657920120,37.152.185.0/24,None,202468,208006
1657919236,41.204.190.0/24,None,327945,36914
1657916989,2001:c20:48cd::/48,None,9255,3758
1657916989,2001:c20:48cf::/48,None,9255,3758
1657916989,2001:c38:20f8::/48,None,9335,9335
1657910805,2001:db0:4003:ffff::2/128,None,17766,17766
1657915928,2001:df5:af80::/48,None,18229,135877
1657738194,2001:fb0:1064:18::/64,None,7470,7470
1657876550,2001:4403:0:102::/64,None,9901,9901
1657876550,2001:4403:0:115::/64,None,9901,9901
1657876550,2001:4403:0:132::/64,None,9901,9901
1657876550,2001:4403:117::/64,None,9901,9901
1657738054,2001:48a8:68fe::/48,None,237,237
1657917576,2001:5000:b02::/48,None,1273,1273
1657920279,2400:9940::/48,None,136224,136224
1657802475,2400:a980::/32,None,133111,133111
1657802475,2400:a980:da::/48,None,133111,133111
1657802475,2400:a980:df::/48,None,133111,133111
1657802475,2400:a980:e5::/48,None,133111,133111
1657802475,2400:a980:800::/40,None,133111,133111
1657802475,2400:a980:1800::/40,None,133111,133111
1657802474,2400:a980:2400::/40,None,133518,133111
1657802475,2400:a980:2cff::/48,None,133111,133111
1657802475,2400:a980:5000::/40,None,133111,133111
1657802475,2400:a980:54ff::/48,None,133111,133111
1657802475,2400:a980:70ff::/48,None,133111,133111
1657889456,2400:ca02:f010::/48,None,23688,23688
1657889456,2400:ca02:f018::/48,None,23688,23688
1657889456,2400:ca02:f01a::/48,None,23688,23688
1657889456,2400:ca02:f07f::/48,None,23688,23688
1657889456,2400:ca02:f0e2::/48,None,23688,23688
1657889456,2400:ca07:f033::/48,None,23688,23688
1657737993,2400:d280:1::/48,None,45648,45648
1657737993,2400:d280:9::/48,None,45648,45648
1657917818,2401:4900:ee0::/44,None,134426,45609
1657920365,2401:7000:a0a1::/48,None,45177,45177
1657921478,2401:7000:ac00::/38,None,45177,45177
1657920854,2401:7000:c600::/40,None,45177,45177
1657922268,2401:7000:c980::/41,None,45177,45177
1657920750,2401:7000:d100::/40,None,45177,45177
1657920769,2401:7000:d200::/40,None,45177,45177
1657738119,2401:9640:4004::/48,None,133982,133982
1657738126,2402:4f00:4000::20/125,None,58453,58453
1657738126,2402:4f00:4000::40/125,None,58453,58453
1657918148,2402:fd40::/48,None,137889,137889
1657919468,2403:6200:7104::/48,None,45758,45758
1657738145,2403:8600:c10::/44,None,55441,45820
1657919726,2404:5c0:2002::/48,None,138466,138466
1657921769,2404:1f00:8000::/36,None,55947,55947
1657921769,2404:1f00:ffa7::/48,None,55947,55947
1657922039,2404:7ac0:608::/48,None,4842,147001
1657917433,2405:b40:14::/48,None,55674,55674
1657917433,2405:b40:22::/48,None,55674,55674
1657917433,2405:b40:31::/48,None,55674,55674
1657917433,2405:b40:706::/48,None,55674,55674
1657922067,2405:1340::/32,None,9654,137955
1657916239,103.26.81.0/24,None,9541,24440
1657916217,103.26.84.0/24,None,9541,24440
1657916217,103.26.86.0/24,None,9541,24440
1657897867,103.28.24.0/24,None,24295,17675
1657737989,103.30.144.57/32,None,46050,46050
1657852880,103.36.105.0/24,None,134327,55470
1657915590,103.42.208.0/24,None,133788,133788
1657738167,103.43.148.161/32,None,133854,133854
1657738167,103.43.148.174/32,None,133854,133854
1657738167,103.43.148.178/32,None,133854,133854
1657738167,103.43.148.186/32,None,133854,133854
1657913619,103.46.215.0/24,None,133895,10214
1657920522,103.53.216.0/22,None,55933,203020
1657921113,103.57.217.0/24,None,133984,4755+6453
1657738209,103.58.73.226/32,None,58717,134204
1657738034,103.58.149.202/32,None,63989,63989
1657871768,103.60.198.0/24,None,134043,9830
1657877691,103.70.196.0/24,None,138754,135711
1657738209,103.75.239.233/32,None,58717,58717
1657738343,103.82.5.107/32,None,63916,55799
1657874655,103.82.72.0/24,None,141326,150584
1657738034,103.82.248.2/32,None,63989,63989
1657738034,103.82.248.34/32,None,63989,63989
1657738034,103.82.248.105/32,None,63989,63989
1657914487,103.82.254.0/24,None,45814,139621
1657804547,103.84.80.0/24,None,45194,138520
1657919994,103.86.192.0/24,None,136406,58715
1657737996,103.87.255.0/32,None,18172,18172
1657737996,103.87.255.11/32,None,18172,18172
1657737996,103.87.255.19/32,None,18172,18172
1657737996,103.87.255.24/32,None,18172,18172
1657737996,103.87.255.32/32,None,18172,18172
1657737996,103.87.255.36/32,None,18172,18172
1657737996,103.87.255.69/32,None,18172,18172
1657737996,103.87.255.70/32,None,18172,18172
1657737996,103.87.255.87/32,None,18172,18172
1657737996,103.87.255.90/32,None,18172,18172
1657737996,103.87.255.95/32,None,18172,18172
1657737996,103.87.255.112/32,None,18172,18172
1657737996,103.87.255.207/32,None,18172,18172
1657737996,103.87.255.211/32,None,18172,18172
1657737996,103.87.255.218/32,None,18172,18172
1657737996,103.87.255.223/32,None,18172,18172
1657737996,103.87.255.225/32,None,18172,18172
1657737996,103.87.255.230/32,None,18172,18172
1657737996,103.87.255.246/32,None,18172,18172
1657737996,103.87.255.249/32,None,18172,18172
1657737996,103.87.255.250/32,None,18172,18172
1657737996,103.87.255.253/32,None,18172,18172
1657738269,103.91.206.75/32,None,138156,138156
1657916319,103.93.15.0/24,None,58895,141711
1657916212,103.96.103.0/24,None,32475,136686
1657895477,103.98.129.0/24,None,58504,136905
1657882667,103.100.142.0/24,None,135026,137557
1657920797,103.101.49.0/24,None,142612,136978
1657738247,103.101.191.100/32,None,133448,133448
1657884873,103.107.8.0/24,None,136600,976
1657868411,103.114.0.0/24,None,133001,150583
1657738236,103.119.128.88/32,None,137990,137990
1657738236,103.119.128.92/32,None,137990,137990
1657738236,103.119.129.100/32,None,137990,137990
1657916326,103.120.117.0/24,None,138039,136030
1657911962,103.120.192.0/23,None,134585,134585
1657916487,103.124.188.0/24,None,17995,17995
1657916487,103.124.220.0/24,None,17995,17995
1657916487,103.124.222.0/24,None,17995,17995
1657738208,103.124.236.233/32,None,58717,134781
1657916487,103.125.4.0/24,None,17995,17995
1657916487,103.125.5.0/24,None,17995,17995
1657916487,103.125.8.0/24,None,17995,17995
1657916487,103.125.9.0/24,None,17995,17995
1657916487,103.127.12.0/24,None,17995,17995
1657803755,103.127.53.0/24,None,17995,17995
1657904521,103.127.248.0/23,None,24373,138527
1657867888,103.133.38.0/24,None,134303,134330+138268
1657922398,103.138.123.0/24,None,139004,58629
1657916354,103.138.130.0/23,None,139005,24511
1657910495,103.140.73.0/24,None,138740,137681
1657921824,103.140.76.0/24,None,138874,55666
1657921835,103.144.27.0/24,None,56272,139493
1657738208,103.146.42.247/32,None,58717,139870
1657784210,103.147.22.0/24,None,131668,18041
1657921813,103.149.0.0/24,None,134780,138660
1657828902,103.151.41.0/24,None,39618,213035+63796+210542
1657918871,103.152.126.0/24,None,36492,14593
1657920894,103.152.127.0/24,None,36492,14593
1657738250,103.160.63.251/32,None,140443,140443
1657889238,103.160.166.0/24,None,141301,137109
1657920754,103.161.237.0/24,None,134134,132104
1657887945,103.170.9.0/24,None,45804,141014
1657910910,103.173.50.0/24,None,140120,137109
1657766643,103.176.156.0/24,None,138264,147243
1657854540,103.176.212.0/24,None,137109,140120
1657825406,103.178.177.0/24,None,149240,138768
1657876362,103.181.10.0/24,None,141536,149266
1657887267,103.181.93.0/24,None,138798,133710
1657919851,103.183.80.0/24,None,135248,136334
1657922086,103.188.231.0/24,None,64445,49367
1657738208,103.196.234.161/32,None,58717,55492
1657856578,103.206.119.0/24,None,134930,139567
1657921869,103.225.192.0/22,None,132827,15412
1657738103,103.228.200.100/32,None,134732,64005
1657738166,103.244.140.173/32,None,139870,139870
1657922343,103.244.141.0/24,None,132530,139870
1657738166,103.244.142.55/32,None,139870,139870
1657883465,104.36.86.0/24,None,213122,400304
1657738367,104.37.248.0/24,None,19045,19045
1657738367,104.37.250.0/24,None,19045,19045
1657738118,199.203.20.209/32,None,1680,1680
1657738118,199.203.122.106/32,None,1680,1680
1657738118,199.203.139.167/32,None,1680,1680
1657738118,199.203.139.191/32,None,1680,1680
1657738118,199.203.247.28/31,None,1680,1680
1657738118,199.203.255.84/32,None,1680,1680
1657738118,199.203.255.85/32,None,1680,1680
1657738118,199.203.255.86/32,None,1680,1680
1657916818,199.245.58.0/24,None,21859,63593
1657920696,199.250.136.0/21,None,12975,15975
1657920696,199.250.152.0/21,None,12975,15975
1657894539,200.2.14.0/24,None,7965,7965
1657895377,200.2.15.0/24,None,7965,7965
1657915853,200.15.5.0/24,None,265269,2914
1657904446,200.26.208.0/23,None,52233,11081
1657922088,200.26.210.0/23,None,52233,11081
1657922373,200.46.20.0/24,None,21599,18809
1657884636,200.59.6.0/24,None,12150,12150
1657884638,200.59.11.0/24,None,12150,12150
1657884638,200.59.12.0/24,None,12150,12150
1657901874,200.72.62.0/24,None,6471,27651
1657862136,200.72.115.0/24,None,6471,27651
1657862136,200.72.116.0/24,None,6471,27651
1657862136,200.72.210.0/24,None,6471,27651
1657862136,200.72.212.0/24,None,6471,27651
1657862136,200.72.215.0/24,None,6471,27651
1657913701,200.73.124.0/22,None,27901,27901
1657859703,200.81.181.0/24,None,10617,10617
1657870365,200.93.226.0/24,None,27947,198949
1657916994,200.110.16.0/23,None,21575,19180
1657916994,200.110.28.0/23,None,21575,19180
1657916994,200.110.32.0/23,None,21575,19180
1657898297,200.110.162.0/23,None,27877,27877
1657848272,200.114.96.0/24,None,28080,28080
1657914161,200.114.102.0/24,None,28080,28080
1657922393,200.115.39.0/24,None,19582,19582
1657922393,200.115.44.0/24,None,19582,19582
1657893171,200.124.69.0/24,None,269921,269921
1657888152,200.159.186.0/24,None,28605,28584
1657921499,200.159.190.0/24,None,28605,28584
1657891293,201.131.88.0/24,None,27951,27951
1657891296,201.131.89.0/24,None,27951,27951
1657899476,201.221.110.0/24,None,10617,10617
1657898646,201.221.111.0/24,None,10617,10617
1657906230,202.5.26.0/24,None,40676,398395
1657921739,202.43.227.0/24,None,137990,149282
1657921486,202.57.18.0/24,None,18112,149707
1657921486,202.57.22.0/24,None,18112,18112
1657921486,202.57.25.0/24,None,18112,140469
1657915184,202.57.28.0/23,None,18112,9341
1657920887,202.57.28.0/24,None,18112,9341
1657921486,202.57.30.0/24,None,18112,9341
1657891441,202.59.12.0/24,None,45814,139088+136969+142300+140732
1657891441,202.59.13.0/24,None,45814,139088+136969+140732+142300
1657891441,202.59.14.0/24,None,45814,139088+136969+140732+142300
1657738181,202.61.43.35/32,None,38193,23966
1657877008,202.62.9.0/24,None,9341,9341
1657922087,202.64.13.0/24,None,9381,202+3356+39743
1657922290,202.65.155.0/24,None,18229,18101
1657811377,202.66.173.0/24,None,132420,133683
1657922302,202.80.224.0/24,None,45458,141692
1657844296,202.101.42.0/24,None,4811,4812
1657896917,202.101.60.0/24,None,4811,4812
1657876122,202.101.61.0/24,None,4811,4812
1657834667,202.109.114.0/24,None,4811,4812
1657789940,202.127.96.0/24,None,17910,17910
1657746780,202.127.97.0/24,None,17910,17910
1657738015,202.128.210.42/32,None,17547,17547
1657846998,202.133.75.0/24,None,135706,134940
1657920450,202.137.192.0/21,None,9328,4826
1657738191,202.139.138.208/28,None,7474,198949
1657921453,202.139.241.0/24,None,7496,49999
1657846930,202.141.105.0/24,None,18101,2697
1657904859,202.157.189.0/24,None,136170,136170
1657901371,202.158.16.0/22,None,4787,4787
1657901369,202.158.18.0/23,None,4787,4787
1657901371,202.158.28.0/22,None,4787,4787
1657891553,202.158.34.0/23,None,4787,4787
1657891553,202.158.46.0/23,None,4787,4787
1657901371,202.158.56.0/22,None,4787,4787
1657906848,202.158.60.0/22,None,4787,4787
1657891550,202.158.77.0/24,None,4787,4787
1657911745,202.158.80.0/20,None,4787,4787
1657911745,202.158.80.0/23,None,4787,4787
1657917281,202.158.81.0/24,None,4787,4787
1657918920,202.158.88.0/21,None,4787,4787
1657920613,202.158.94.0/23,None,4787,4787
1657920405,202.158.96.0/22,None,4787,4787
1657921890,202.158.96.0/23,None,4787,4787
1657915512,202.158.98.0/23,None,4787,4787
1657900130,202.158.102.0/23,None,4787,4787
1657903831,202.158.106.0/23,None,4787,4787
1657907986,202.158.108.0/22,None,4787,4787
1657916860,202.162.211.0/24,None,9341,9341
1657738405,202.165.80.0/22,None,136255,136255
1657891567,202.169.168.0/22,None,24167,9264
1657922202,202.179.88.0/24,None,58659,24392
1657905790,202.183.66.0/24,None,6421,6453
1657738318,202.183.167.36/32,None,7568,9891
1657738318,202.183.192.230/32,None,7568,9891
1657738318,202.183.193.211/32,None,7568,9891
1657891588,202.191.161.0/24,None,9583,9583
1657738262,72.214.38.0/24,None,22773,22773
1657884362,74.80.254.0/24,None,21743,7018
1657738258,74.85.38.0/24,None,19904,54858+11404
1657782816,74.85.80.0/21,None,30335,54858+11404
1657921857,74.115.92.0/22,None,32413,32413
1657918157,76.191.89.0/24,None,395442,54858+11404
1657903434,77.36.5.0/24,None,34744,211306
1657886661,77.36.28.0/24,None,9009,9009
1657819001,77.36.165.0/24,None,50810,42586
1657833002,77.83.104.0/24,None,61317,61317
1657917775,77.238.108.0/22,None,43754,58224
1657921967,78.37.52.0/23,None,12389,12389
1657879650,78.89.151.0/24,None,29357,29357
1657874681,78.89.156.0/22,None,29357,29357
1657918679,78.89.192.0/24,None,29357,29357
1657839778,78.133.213.0/24,None,202389,12912+5588
1657891650,78.135.68.0/24,None,211735,210410
1657787930,78.152.170.178/32,None,8779,8779
1657896181,78.158.173.0/24,None,204650,24631
1657883052,78.158.177.0/24,None,204650,24631
1657844807,78.158.189.0/24,None,204650,24631
1657920915,79.107.99.0/24,None,25472,25472
1657738207,79.107.112.0/22,None,25472,25472
1657738207,79.107.122.0/23,None,25472,25472
1657738207,79.107.135.0/24,None,25472,25472
1657907805,79.127.64.0/20,None,43754,49100
1657885746,79.127.72.0/22,None,43754,49100
1657738344,79.134.54.247/32,None,42459,25076
1657738344,79.134.56.77/32,None,42459,41017
1657738344,79.134.58.75/32,None,42459,25076
1657879793,79.173.67.0/24,None,60484,43966
1657910261,80.71.145.0/24,None,1239,19728+59447
1657868499,80.89.32.0/19,None,16175,29695
1657899869,80.89.183.0/24,None,35074,24634+9051
1657904903,80.89.185.0/24,None,35074,24634+9051
1657738308,80.90.64.6/32,None,21266,21266
1657738172,80.228.87.0/25,None,9145,9145
1657738076,80.240.6.2/32,None,21412,21412
1657913690,80.243.120.0/24,None,51482,31027
1657738118,80.250.149.26/32,None,1680,1680
1657922125,81.8.114.0/24,None,15924,8386
1657738179,81.17.138.183/32,None,21500,21437
1657886270,81.19.216.0/24,None,1299,25369
1657917948,81.24.128.0/20,None,31133,20632
1657900747,81.89.224.0/24,None,8879,12437
1657897837,82.115.24.0/22,None,61317,212552
1657886856,82.119.75.0/24,None,8262,8262
1657738223,82.160.134.116/32,None,201695,201695
1657738118,82.166.37.254/32,None,1680,1680
1657738118,82.166.62.70/32,None,1680,1680
1657738118,82.166.194.134/32,None,1680,1680
1657738118,82.166.223.192/26,None,1680,1680
1657920834,82.193.95.0/24,None,24651,34994+62453
1657917198,82.214.240.0/22,None,12440,44795
1657900673,83.66.126.0/23,None,12978,12978
1657900771,83.96.6.0/24,None,21050,21050
1657884019,83.96.17.0/24,None,21050,21050
1657914973,83.96.53.0/24,None,21050,21050
1657738338,83.96.141.26/32,None,21155,21155
1657863119,83.136.212.0/24,None,1299,61317
1657919666,83.150.216.0/24,None,211975,60558
1657738327,83.238.255.76/32,None,12741,12741
1657909635,185.55.133.0/24,None,198949,20249
1657912238,185.55.134.0/24,None,198949,20249
1657887441,185.59.218.0/24,None,201916,209242
1657887448,185.61.136.0/24,None,47674,60033+49349
1657911893,185.83.231.0/24,None,22773,205320
1657891500,185.89.77.0/24,None,61317,211373
1657911550,185.97.134.0/24,None,60268,62027
1657916613,185.117.179.0/24,None,15830,15734
1657909011,185.124.150.0/24,None,202777,56484
1657921698,185.128.227.0/24,None,61317,206216
1657887918,185.132.251.0/24,None,57704,199046
1657738393,185.134.80.0/22,None,21334,211326
1657908681,185.137.158.0/24,None,41327,206343
1657859307,185.141.206.0/24,None,57878,25369
1657738219,185.141.207.86/32,None,25369,20473+57878
1657738219,185.141.207.90/32,None,25369,20473+57878
1657887922,185.149.80.0/22,None,29119,200845
1657921828,185.158.242.0/24,None,1299,25369
1657920121,185.161.233.0/24,None,207249,203+3356+3223
1657738351,185.169.71.255/32,None,205930,205930
1657738173,185.171.139.255/32,None,34895,34895
1657863824,185.177.80.0/24,None,174,20473+57878
1657738320,185.180.82.0/24,None,206608,19905
1657738252,185.185.59.25/32,None,48614,48614
1657738252,185.185.59.228/32,None,48614,48614
1657853442,185.189.34.0/24,None,60721,212669
1657882328,185.189.125.1/32,None,49601,49601
1657882331,185.189.125.25/32,None,49601,49601
1657882339,185.189.125.57/32,None,49601,49601
1657882325,185.189.125.141/32,None,49601,49601
1657882332,185.189.125.145/32,None,49601,49601
1657882326,185.189.125.205/32,None,49601,49601
1657888208,185.191.60.0/23,None,206273,204229
1657918447,185.192.220.0/24,None,42612,20473
1657738267,185.201.47.155/32,None,49505,49505
1657909045,185.205.19.0/24,None,34984,201086
1657908205,185.221.253.0/24,None,209442,209442
1657888447,185.223.153.0/24,None,61317,12874
1657848262,185.223.165.0/24,None,57878,62468
1657921828,185.223.235.0/24,None,1299,25369
1657882326,185.226.60.9/32,None,49601,49601
1657882332,185.226.60.25/32,None,49601,49601
1657882339,185.226.60.45/32,None,49601,49601
1657882337,185.226.60.101/32,None,49601,49601
1657882326,185.226.60.129/32,None,49601,49601
1657882326,185.226.60.137/32,None,49601,49601
1657882339,185.226.60.173/32,None,49601,49601
1657882340,185.226.60.249/32,None,49601,49601
1657738344,185.227.139.97/32,None,48011,48011
1657888506,185.229.96.0/22,None,29119,200845
1657883886,185.236.248.0/24,None,209910,51487
1657881956,185.236.250.0/24,None,209910,51487
1657883656,185.243.180.0/24,None,209371,43260+211567
1657916588,185.244.94.0/24,None,30823,61317
1657888597,185.248.72.0/22,None,209529,56327
1657738384,185.253.2.0/24,None,12722,212667
1657835834,186.32.11.0/24,None,27742,28036
1657920823,186.32.16.0/22,None,262197,262197
1657912372,186.32.34.0/23,None,262197,262197
1657911140,186.32.54.0/23,None,262197,262197
1657908894,186.32.62.0/23,None,262197,262197
1657899968,186.47.137.0/24,None,28006,27757
1657903145,186.47.138.0/24,None,28006,27757
1657772367,186.113.12.0/25,None,27817,27817
1657916735,186.160.72.0/23,None,21575,19180
1657916735,186.160.100.0/23,None,21575,19180
1657898475,186.167.244.0/24,None,264731,264731
1657865944,186.176.224.0/24,None,262197,262206
1657882684,186.178.6.0/23,None,28006,27757
1657891290,186.178.107.0/24,None,28006,27757
1657910218,186.178.117.0/24,None,28006,14420+27757
1657921857,186.178.128.0/24,None,28006,22724
1657906240,190.159.30.0/24,None,10620,14080
1657915054,190.181.122.0/24,None,52251,52426
1657738261,190.187.3.0/24,None,21575,19905+19180
1657738261,190.187.15.0/24,None,21575,19905+19180
1657738261,190.187.20.0/24,None,21575,19905+19180
1657738261,190.187.53.0/24,None,21575,19905+19180
1657738261,190.187.63.0/24,None,21575,19905+19180
1657912345,190.187.69.0/24,None,21575,19905+19180
1657738261,190.187.76.0/24,None,21575,19905+19180
1657738261,190.187.77.0/24,None,21575,19905+19180
1657911078,190.187.89.0/24,None,21575,19905+19180
1657738261,190.187.97.0/24,None,21575,19905+19180
1657916930,190.211.166.0/24,None,52280,262589
1657738106,190.211.175.0/24,None,262589,52280
1657839247,190.227.188.0/22,None,263777,10481+7303
1657880993,190.233.49.0/24,None,6147,6147
1657889154,190.236.81.0/24,None,6147,6147
1657921906,190.242.37.0/24,None,262191,23520
1657918786,191.96.255.0/24,None,43260,174
1657891799,191.99.15.0/24,None,27738,27738
1657906408,191.99.105.0/24,None,27738,27738
1657855565,191.99.110.0/24,None,27738,27738
1657919854,191.99.191.0/24,None,27738,27738
1657891799,191.99.245.0/24,None,27738,27738
1657886713,191.99.246.0/24,None,27738,27738
1657908958,191.100.0.0/21,None,27668,27668
1657921436,191.100.11.0/24,None,27668,27668
1657913945,191.100.16.0/22,None,27668,27668
1657921436,191.100.48.0/21,None,27668,27668
1657920164,191.100.72.0/21,None,27668,27668
1657914823,191.100.112.0/21,None,27668,27668
1657917137,191.100.136.0/21,None,27668,27668
1657917778,191.100.144.0/21,None,27668,27668
1657916911,191.100.176.0/21,None,27668,27668
1657910552,191.100.184.0/21,None,27668,27668
1657918883,191.100.200.0/21,None,27668,27668
1657920629,191.100.240.0/21,None,27668,27668
1657915950,192.34.101.0/24,None,13830,971
1657922322,192.177.97.0/24,None,396982,18779
1657922312,192.177.139.0/24,None,64267,18779
1657904120,192.177.153.0/24,None,64267,18779
1657922312,192.177.155.0/24,None,64267,18779
1657896926,192.177.159.0/24,None,64267,18779
1657889286,192.177.160.0/24,None,54252,18779
1657919172,192.177.169.0/24,None,54252,18779
1657919172,192.177.171.0/24,None,54252,18779
1657907213,192.177.188.0/24,None,54252,18779
1657889324,192.177.190.0/24,None,54252,18779
1657904119,192.217.84.0/24,None,395428,2914
1657920820,193.19.194.0/24,None,39543,30890
1657922275,193.28.237.0/24,None,328543,203020+207990
1657921697,193.30.254.0/24,None,51490,203346
1657901546,193.84.48.0/24,None,209910,51487
1657906902,193.105.184.0/24,None,47837,7489
1657738203,193.106.208.0/32,None,50467,50467
1657922079,193.107.218.0/24,None,60798,149457
1657889991,194.5.206.0/23,None,208006,57568
1657860081,194.30.28.0/24,None,3262,3262
1657922211,194.36.26.0/24,None,206499,204994
1657875509,104.165.153.0/24,None,141039,136787
1657920362,104.234.18.0/24,None,7018,32780
1657920017,104.234.43.0/24,None,1239,16276
1657910262,104.234.185.0/24,None,1239,210703
1657910395,104.238.10.0/24,None,7029,205659
1657910395,104.238.14.0/24,None,7029,149428
1657910395,104.238.20.0/24,None,7029,149428
1657910395,104.239.10.0/23,None,7029,205659
1657911207,104.239.28.0/24,None,7029,396356
1657910395,104.239.44.0/24,None,7029,396356
1657910395,104.239.86.0/24,None,7029,133944
1657910395,104.239.124.0/23,None,7029,205659
1657910395,104.239.126.0/24,None,7029,205659
1657738047,104.247.88.0/24,None,13213,11554
1657910262,104.249.137.0/24,None,1239,14445
1657910262,104.249.139.0/24,None,1239,14445
1657910632,104.252.23.0/24,None,141039,136787
1657865258,106.71.0.0/16,None,4804,4804
1657920626,106.105.40.0/24,None,4780,9919
1657886996,106.105.111.0/24,None,4780,131627
1657904084,106.105.240.0/21,None,18049,131597
1657920626,106.106.211.0/24,None,4780,131586
1657920626,106.106.212.0/24,None,4780,131586
1657921477,106.106.224.0/24,None,9919,131586
1657921477,106.106.232.0/24,None,9919,131586
1657921477,106.106.243.0/24,None,9919,131586
1657915777,106.106.251.0/24,None,9919,131586
1657900450,106.106.254.0/24,None,4780,131586
1657914300,107.161.163.0/24,None,29802,58305
1657922127,107.181.133.0/24,None,40676,64080+58305
1657905384,107.187.34.0/24,None,22773,1040
1657921857,108.59.40.0/21,None,32413,32413
1657918582,108.165.196.0/24,None,62240,212219
1657921447,108.165.197.0/24,None,61317,200019
1657841803,108.165.220.0/24,None,61317,200482
1657877404,108.165.238.0/23,None,61317,1239
1657876228,108.179.24.0/24,None,27371,6128
1657849625,108.179.58.0/24,None,40513,6128
1657738213,109.68.104.21/32,None,49808,49808
1657921828,109.69.104.0/24,None,1299,25369
1657738204,109.95.144.1/32,None,50467,50467
1657880312,109.107.140.0/24,None,8100,8888
1657915322,109.121.34.0/24,None,61317,7018
1657903233,109.164.116.0/22,None,49931,44489
1657922319,109.203.160.0/21,None,58224,44208
1657900083,109.238.160.0/21,None,139648,61185
1657883757,109.238.160.0/21,None,209242,61185
1657916381,109.244.0.0/21,None,45090,45090
1657916381,109.244.10.0/23,None,45090,45090
1657916382,109.244.112.0/20,None,45090,45090
1657916365,109.244.144.0/21,None,45090,45090
1657916382,109.244.152.0/21,None,45090,45090
1657916365,109.244.236.0/22,None,45090,45090
1657922302,110.49.62.0/24,None,45458,9464
1657873527,110.50.62.0/24,None,17648,17648
1657922264,110.224.180.0/22,None,45609,24560
1657922264,110.227.52.0/22,None,45609,24560
1657738318,111.68.25.146/32,None,55666,55666
1657738318,111.68.25.254/32,None,55666,55666
1657878873,111.68.63.0/24,None,23944,23944
1657897336,111.88.222.0/23,None,132165,132165
1657910898,112.78.15.237/32,None,45538,45538
1657916520,112.199.91.0/24,None,131212,9658
1657910897,112.213.94.106/32,None,45544,45544
1657738208,113.11.96.143/32,None,58717,7565
1657914494,170.78.210.0/24,None,265530,270158
1657900449,170.233.122.0/23,None,265080,265080
1657881107,170.238.172.0/23,None,262485,262485
1657920558,171.22.102.0/24,None,39855,198949
1657738290,171.33.133.56/29,None,49685,49685
1657885451,171.33.135.72/30,None,28878,28878
1657910303,172.56.140.0/24,None,21928,21928
1657919437,172.93.35.0/24,None,25820,6233
1657919466,172.93.36.0/22,None,25820,6233
1657906532,172.252.125.0/24,None,64267,54252
1657904448,172.252.133.0/24,None,64267,54252
1657760768,173.241.93.0/24,None,3257,393919+32627+22996+14618+16509+393791
1657738090,175.99.75.11/32,None,9924,9924
1657738090,175.99.75.16/32,None,9924,9924
1657738090,175.99.75.18/32,None,9924,9924
1657738090,175.99.75.29/32,None,9924,9924
1657738090,175.99.75.30/32,None,9924,9924
1657738090,175.99.75.41/32,None,9924,9924
1657738090,175.99.75.45/32,None,9924,9924
1657920759,175.106.41.0/24,None,55424,55330
1657917162,175.158.36.0/23,None,135478,135478
1657917147,175.158.38.0/23,None,135478,135478
1657917074,175.158.52.0/23,None,135478,135478
1657909949,175.182.253.0/24,None,9919,4780
1657738040,176.53.196.16/28,None,205672,56534
1657738350,176.57.218.175/32,None,9123,9123
1657898558,176.65.255.0/24,None,203000,43754
1657901390,176.67.239.0/24,None,205343,211545
1657738203,176.74.250.240/28,None,28878,28878
1657921435,176.88.42.0/24,None,34984,34984
1657913281,176.109.224.0/20,None,41709,202619
1657886133,176.117.81.0/24,None,50643,59956
1657886133,176.117.84.0/22,None,50643,59956
1657886133,176.117.86.0/24,None,50643,59956
1657918163,176.232.84.0/22,None,34984,34984
1657921702,176.234.12.0/22,None,34984,34984
1657787114,177.21.33.24/32,None,262761,262761
1657888152,177.39.164.0/24,None,28605,28584
1657737998,177.66.145.6/32,None,53001,53001
1657737998,177.66.145.140/32,None,53001,53001
1657737998,177.66.146.64/32,None,53001,53001
1657737998,177.66.146.144/32,None,53001,53001
1657916611,177.74.176.0/24,None,263651,268205
1657916611,177.74.179.0/24,None,263651,268205
1657815001,177.75.171.57/32,None,53062,53062
1657917013,143.55.240.0/24,None,395437,395437
1657920541,143.131.15.0/24,None,36492,14593
1657920162,143.202.244.0/22,None,264073,263569
1657922396,143.202.244.0/23,None,264073,263569
1657918845,144.48.35.0/24,None,396982,210504
1657908554,144.48.83.0/24,None,8100,138995
1657918839,145.224.121.0/24,None,36492,14593
1657738301,147.45.0.114/32,None,2895,2895
1657738319,147.50.133.155/32,None,7568,4750
1657738319,147.50.253.122/32,None,7568,142299
1657921763,147.78.204.0/24,None,9009,3257
1657921192,148.76.73.0/24,None,396844,6128
1657832539,148.77.39.0/24,None,396148,6128
1657738261,148.102.82.0/24,None,21575,19905+19180
1657738261,148.102.83.0/24,None,21575,19905+19180
1657738261,148.102.103.0/24,None,21575,19905+19180
1657738261,148.102.107.0/24,None,21575,19905+19180
1657921076,149.126.192.0/24,None,207636,59729+38337
1657888850,149.126.244.0/22,None,207636,13259
1657888850,149.126.248.0/21,None,207636,13259
1657765426,149.149.248.0/22,None,33600,10490
1657919781,150.107.51.0/24,None,133439,63944
1657738241,150.107.55.0/24,None,58601,24323
1657916526,151.192.0.0/21,None,9255,3758
1657916526,151.192.8.0/21,None,9255,3758
1657916526,151.192.32.0/21,None,9255,3758
1657909946,151.237.37.0/24,None,31287,62386
1657909570,151.237.38.0/24,None,31287,62386
1657738155,152.32.193.2/32,None,135377,135377
1657738155,152.32.193.119/32,None,135377,135377
1657738155,152.32.193.123/32,None,135377,135377
1657738155,152.32.193.124/32,None,135377,135377
1657738155,152.32.193.146/32,None,135377,135377
1657738155,152.32.193.151/32,None,135377,135377
1657738155,152.32.193.161/32,None,135377,135377
1657738155,152.32.193.166/32,None,135377,135377
1657738155,152.32.193.172/32,None,135377,135377
1657738155,152.32.193.180/32,None,135377,135377
1657738155,152.32.193.192/32,None,135377,135377
1657738155,152.32.193.199/32,None,135377,135377
1657738155,152.32.193.205/32,None,135377,135377
1657738155,152.32.193.217/32,None,135377,135377
1657738155,152.32.193.223/32,None,135377,135377
1657738155,152.32.193.224/32,None,135377,135377
1657738155,152.32.193.225/32,None,135377,135377
1657738155,152.32.193.247/32,None,135377,135377
1657738155,152.32.193.248/32,None,135377,135377
1657738155,152.32.193.251/32,None,135377,135377
1657890267,154.16.136.0/24,None,141158,834
1657841064,154.208.143.0/24,None,135391,211647
1657921803,154.210.83.0/24,None,54600,328608
1657916348,154.210.85.0/24,None,134548,328608
1657885524,154.210.91.0/24,None,54600,328608
1657916348,154.210.92.0/24,None,134548,328608
1657916348,154.210.93.0/24,None,134548,328608
1657870704,154.210.94.0/24,None,54600,328608
1657835914,155.254.144.0/24,None,6498,203
1657912176,155.254.145.0/24,None,6498,203
1657915045,155.254.146.0/24,None,6498,203
1657918201,155.254.147.0/24,None,6498,203
1657876855,155.254.158.0/24,None,6498,203
1657912466,156.238.33.0/24,None,54600,328608
1657914727,156.238.34.0/24,None,54600,328608
1657920490,156.240.61.0/24,None,134428,328608
1657920282,156.246.193.0/24,None,398823,35916
1657920282,156.246.200.0/24,None,398823,35916
1657920282,156.246.201.0/24,None,398823,35916
1657920282,156.246.252.0/24,None,398823,35916
1657920282,156.246.254.0/24,None,398823,35916
1657920282,156.246.255.0/24,None,398823,35916
1657921884,178.49.16.0/24,None,31200,31200
1657921884,178.49.28.0/24,None,31200,31200
1657921884,178.49.37.0/24,None,31200,31200
1657921884,178.49.38.0/24,None,31200,31200
1657921884,178.49.41.0/24,None,31200,31200
1657921884,178.49.203.0/24,None,31200,31200
1657910169,178.171.119.0/24,None,1239,209372+207710
1657910017,178.183.224.0/19,None,12912,12912
1657886677,178.239.151.0/24,None,34078,210392
1657913926,178.239.153.0/24,None,34078,210392
1657917116,178.239.154.0/24,None,197343,204650
1657916704,178.239.171.0/24,None,42167,25369
1657916690,179.1.4.0/24,None,18678,262589
1657916690,179.1.73.0/24,None,18678,262589
1657916690,179.1.76.0/24,None,18678,262589
1657920933,179.1.90.0/24,None,18678,262589
1657910671,179.3.64.0/21,None,27995,27836
1657905027,179.51.172.0/24,None,271174,28277
1657918087,179.61.134.0/24,None,398343,212687
1657917425,179.61.226.0/24,None,22773,49581
1657922357,179.63.222.0/24,None,264640,264640
1657922357,179.63.223.0/24,None,264640,264640
1657850310,179.136.8.0/21,None,28573,4230
1657889477,180.94.238.0/23,None,45873,133206
1657916528,180.128.6.0/23,None,45223,45223
1657852459,180.150.242.0/24,None,45954,45117
1657913488,180.178.152.0/22,None,9387,7018
1657738271,180.232.113.4/32,None,9658,18190
1657738271,180.232.113.5/32,None,9658,18190
1657913007,181.16.207.0/24,None,269752,52323
1657837108,181.50.88.0/22,None,10620,14080
1657830128,181.50.93.0/24,None,10620,14080
1657899933,181.50.100.0/24,None,10620,14080
1657866761,181.51.59.0/24,None,10620,14080
1657917769,181.51.80.0/22,None,10620,14080
1657909275,181.51.124.0/22,None,10620,14080
1657898921,181.51.170.0/24,None,10620,14080
1657829890,181.52.118.0/24,None,10620,14080
1657890058,181.52.172.0/24,None,10620,14080
1657911099,181.52.255.0/24,None,10620,14080
1657827213,181.53.29.0/24,None,10620,14080
1657830763,181.53.228.0/22,None,10620,14080
1657916106,181.54.52.0/22,None,10620,14080
1657913925,181.54.136.0/22,None,10620,14080
1657862662,181.54.196.0/22,None,10620,14080
1657917277,181.54.215.0/24,None,10620,14080
1657909282,181.55.108.0/22,None,10620,14080
1657857141,181.55.148.0/24,None,10620,14080
1657865526,181.55.243.0/24,None,10620,14080
1657887712,181.96.243.0/24,None,271984,10481+7303
1657854933,181.113.69.0/24,None,28006,22724
1657892010,181.189.8.0/22,None,270771,271380
1657780605,181.189.10.0/23,None,270771,271380
1657920797,181.198.192.0/18,None,27947,52257
1657888867,181.199.110.0/24,None,27947,52257
1657922043,181.214.186.0/23,None,138156,834
1657889933,181.215.26.0/24,None,40676,20473
1657922043,181.215.162.0/23,None,138156,834
1657920318,181.215.225.0/24,None,271930,35913
1657886955,181.225.73.0/24,None,27951,262589+18678
1657903691,182.75.0.0/24,None,9498,9498
1657916577,182.75.3.0/24,None,9498,9498
1657871583,182.75.16.0/24,None,9498,9498
1657875461,182.75.45.0/24,None,9498,9498
1657921186,182.75.65.0/24,None,9498,9498
1657900701,182.75.79.0/24,None,9498,9498
1657891048,182.75.80.0/24,None,9498,9498
1657895596,182.75.85.0/24,None,9498,9498
1657918632,182.75.112.0/24,None,9498,9498
1657910648,182.75.147.0/24,None,9498,9498
1657909180,182.75.170.0/24,None,9498,9498
1657871583,182.75.193.0/24,None,9498,9498
1657912770,182.75.230.0/24,None,9498,9498
1657908791,182.75.237.0/24,None,9498,9498
1657868568,183.82.156.0/24,None,18209,55577
1657920967,183.83.242.0/24,None,24309,18209
1657920967,183.83.243.0/24,None,24309,18209
1657920359,184.105.13.0/24,None,393436,6939
1657912724,184.105.31.0/24,None,393737,6939
1657738131,185.4.66.249/32,None,12722,12722
1657788654,185.7.240.0/23,None,41405,41405
1657908677,185.21.50.0/24,None,62579,211432
1657911266,2804:4c0c:10::/44,None,267345,267345
1657919486,2804:6054:8000::/37,None,269160,269160
1657915705,2804:6054:8800::/37,None,269160,269160
1657918718,2804:6728:8000::/33,None,269608,269608
1657920107,2804:7180:100::/40,None,270793,270793
1657918380,2804:850c:1000::/46,None,272554,272554
1657921767,2a00:1cf8:3000::/36,None,44944,6848
1657920595,2a00:1fa2:baf0::/44,None,42087,42087
1657738224,2a00:8a84:27f0:e::/64,None,29119,29119
1657920728,2a02:28:7::/48,None,60490,15388+8359
1657920734,2a02:2e0:cd4d::/48,None,12306,206564
1657920800,2a02:2858:200::/40,None,8315,34762
1657920919,2a03:90c0:b0::/44,None,199524,210756
1657921575,2a03:d9c0:3000::/48,None,3214,43357
1657913972,2a05:dfc7:300d::/48,None,200897,205432
1657914065,2a05:dfc7:3010::/48,None,200897,205432
1657914094,2a05:dfc7:3011::/48,None,200897,205432
1657914125,2a05:dfc7:3012::/48,None,200897,205432
1657914183,2a05:dfc7:3014::/48,None,200897,205432
1657913710,2a05:dfc7:3307::/48,None,200897,205432
1657914273,2a05:dfc7:3314::/48,None,200897,205432
1657921038,2a06:1280:ce05::/48,None,204136,61138
1657918447,2a06:41c0:1::/48,None,51559,42846
1657881898,2a06:9680:2::/48,None,31293,31293
1657881898,2a06:9680:a::/48,None,31293,31293
1657881898,2a06:9680:13::/48,None,31293,31293
1657881898,2a06:9680:28::/48,None,31293,31293
1657881898,2a06:9680:30::/48,None,31293,31293
1657881898,2a06:9680:35::/48,None,31293,31293
1657881898,2a06:9680:37::/48,None,31293,31293
1657881898,2a06:9680:3f::/48,None,31293,31293
1657881898,2a06:9682:4::/48,None,31293,31293
1657881898,2a06:9682:a::/48,None,31293,31293
1657881898,2a06:9682:b::/48,None,31293,31293
1657881898,2a06:9682:12::/48,None,31293,31293
1657881898,2a06:9682:14::/48,None,31293,31293
1657881898,2a06:9682:16::/48,None,31293,31293
1657881898,2a06:9682:17::/48,None,31293,31293
1657881898,2a06:9682:18::/48,None,31293,31293
1657921628,2a06:c701::/36,None,6810,6810
1657921628,2a06:c701:b000::/36,None,6810,6810
1657921628,2a06:c701:d000::/36,None,6810,6810
1657919707,2a06:f1c0::/30,None,203361,203361
1657917669,2a07:a880:4603::/48,None,3399,42675
1657922367,2a09:6:1::/48,None,8888,949
1657918009,2a09:4c2:2e::/48,None,205947,58057
1657915924,2a09:cfc0::/29,None,207709,57152
