time,prefix,asID,OriginMatch,IRR,Parent,SameOrg,PC,Depen,Distance
1657998747,103.122.191.39/32,59796,0.0,0.0,0.0,0.0,1.0,0.0,0.9928656029288347
1658188716,37.33.104.0/24,12479,0.0,0.0,0.0,0.0,0.0,0.0,0.9805987851146404
1658219600,193.203.48.254/32,15626,0.0,0.0,0.0,0.0,0.0,0.0,0.9383377149350922
1658244856,198.0.2.0/24,262374,0.0,0.0,0.0,0.0,0.0,0.0,0.9899633832932326
1658304747,5.180.112.0/22,205124,0.0,0.0,0.0,0.0,0.0,0.0,0.9940163400951408
1658362672,2605:f440:b00b::/48,923,0.0,0.0,0.0,0.0,0.0,0.0,0.9671543699288594
1658362739,77.47.142.0/24,49870,0.0,0.0,0.0,0.0,0.0,0.0,0.9765252310922656
1658428790,192.101.66.0/24,43350,0.0,0.0,0.0,0.0,0.0,0.0,0.992019188686179
1658507786,2801:189::/44,10753,0.0,0.0,0.0,1.0,1.0,0.0,0.9832024336110649
1658629766,142.252.145.0/24,262287,0.0,0.0,0.0,0.0,0.0,0.0,0.993964438945777
1658629766,172.252.233.0/24,262287,0.0,0.0,0.0,0.0,0.0,0.0,0.993964438945777
1658659976,2a07:54c2:100::/48,208548,0.0,0.0,0.0,0.0,0.0,0.0,0.989448110482555
1658659976,2a07:54c2:101::/48,208548,0.0,0.0,0.0,0.0,0.0,0.0,0.989448110482555
1658740990,193.57.166.0/24,60068,0.0,0.0,0.0,1.0,1.0,1.0,0.977627217130977
1658756054,172.101.4.0/24,6697,0.0,0.0,0.0,0.0,0.0,0.0,0.9935030833322132
1658842458,102.216.158.0/24,140947,0.0,0.0,0.0,0.0,0.0,0.0,0.9947911204970176
1658924194,128.201.33.0/24,270814,0.0,0.0,0.0,0.0,0.0,0.0,0.6600163686684202
1659086856,181.215.197.0/24,14935,0.0,0.0,0.0,0.0,0.0,0.0,0.9423482226821244
1659430007,193.233.242.0/24,48678,0.0,0.0,0.0,0.0,0.0,0.0,0.965987676543714
1659455365,78.135.74.0/24,208972,0.0,0.0,0.0,0.0,1.0,0.0,0.8498012335579894
1659695058,192.101.66.0/24,60068,0.0,0.0,0.0,0.0,0.0,0.0,0.9920202594352306
1659752311,41.216.177.0/24,149938,0.0,0.0,0.0,0.0,1.0,0.0,0.9885341833062824
1659752311,41.216.178.0/24,149938,0.0,0.0,0.0,0.0,1.0,0.0,0.9885341833062824
1659822749,78.135.105.0/24,3188,0.0,0.0,0.0,0.0,1.0,0.0,0.8041959810023416
1659889976,31.130.190.0/24,59721,0.0,0.0,0.0,0.0,0.0,0.0,1.0
1659998934,94.75.81.0/24,200878,0.0,0.0,0.0,0.0,0.0,0.0,1.0
1660052955,45.225.218.0/23,1,0.0,0.0,0.0,0.0,0.0,0.0,0.99504887149624
1660077395,2001:200:900::/40,4775,0.0,0.0,0.0,0.0,0.0,0.0,0.9775610974959376
1660077395,2001:200:600::/40,4775,0.0,0.0,0.0,0.0,0.0,0.0,0.9775841167021574
1660077395,2001:200:e000::/35,4775,0.0,0.0,0.0,0.0,0.0,0.0,0.977490404965768
1660077412,2001:200:e00::/40,4775,0.0,0.0,0.0,0.0,0.0,0.0,0.9774837568162325
1660077399,2001:288::/32,4775,0.0,0.0,0.0,0.0,0.0,0.0,0.9342814504324488
1660118771,217.17.159.0/24,42926,0.0,0.0,0.0,0.0,0.0,0.0,0.9180975665087237
1660132637,82.209.200.64/32,50113,0.0,0.0,0.0,0.0,0.0,0.0,0.9712841871516334
1660150422,128.14.1.0/24,14080,0.0,0.0,0.0,0.0,0.0,0.0,0.987970300252375
1660150422,78.110.226.0/24,14080,0.0,0.0,0.0,0.0,0.0,0.0,0.993350148142264
1660241872,103.90.242.0/24,6453,0.0,0.0,0.0,0.0,0.0,1.0,0.9881094598220096
1660294868,185.170.43.0/24,60781,0.0,0.0,0.0,0.0,0.0,0.0,0.987636741341368
1660470321,169.197.188.0/24,48678,0.0,0.0,0.0,0.0,0.0,0.0,0.994980952639862
1660470321,169.197.189.0/24,48678,0.0,0.0,0.0,0.0,0.0,0.0,0.994980952639862
1660573347,103.79.91.0/24,2220,0.0,0.0,0.0,0.0,0.0,0.0,1.0
1660579962,108.165.252.0/24,43260,0.0,0.0,0.0,0.0,0.0,0.0,0.992312261541007
1660605990,46.102.106.0/24,212953,0.0,0.0,0.0,0.0,0.0,0.0,0.9923603800182992
1660671336,31.223.186.0/24,203214,0.0,0.0,0.0,0.0,1.0,0.0,0.7579444044771207
1660810363,172.101.0.0/24,266590,0.0,0.0,0.0,0.0,0.0,0.0,1.0
1660841618,5.133.167.0/24,43847,0.0,0.0,0.0,0.0,0.0,0.0,0.8933927001865297
1660844168,45.17.175.0/24,268164,0.0,0.0,0.0,0.0,0.0,0.0,0.9898267948996812
1660860147,192.192.192.0/24,203481,0.0,0.0,0.0,0.0,0.0,0.0,0.9887374620080956
1660995474,195.178.134.0/24,48678,0.0,0.0,0.0,0.0,0.0,0.0,0.9760438354071796
1660995474,195.178.135.0/24,48678,0.0,0.0,0.0,0.0,0.0,0.0,0.9760438354071796
1661157518,139.190.234.0/24,213035,0.0,0.0,0.0,0.0,0.0,0.0,0.990903011503522
1661297393,2403:e040:8000::/33,7018,0.0,0.0,0.0,0.0,0.0,0.0,0.9976013112954631
1661297393,2406:840:e666::/47,7018,0.0,0.0,0.0,0.0,0.0,0.0,0.9966122141532024
1661297393,2602:fb2a:c0::/42,7018,0.0,0.0,0.0,0.0,0.0,0.0,0.9694416241076458
1661297393,2a00:4bc0:2000::/44,7018,0.0,0.0,0.0,0.0,0.0,0.0,0.9929079280701264
1661297393,2a00:4bc0:2100::/40,7018,0.0,0.0,0.0,0.0,0.0,0.0,0.9929554780985992
1661297393,2a00:e20:143::/48,7018,0.0,0.0,0.0,0.0,0.0,0.0,0.9923649933147513
1661297393,2a00:e20:150::/44,7018,0.0,0.0,0.0,0.0,0.0,0.0,0.9923157355140912
1661297393,2a04:2f81::/42,7018,0.0,0.0,0.0,0.0,0.0,0.0,0.9930592807995912
1661297393,2a04:b902::/32,7018,0.0,0.0,0.0,0.0,0.0,0.0,0.9928146539903252
1661297393,2a04:b907::/47,7018,0.0,0.0,0.0,0.0,0.0,0.0,0.9928146539903252
1661297393,2a06:a005:4f0::/44,7018,0.0,0.0,0.0,0.0,0.0,0.0,0.969700491045706
1661297393,2a06:e881:650f::/48,7018,0.0,0.0,0.0,0.0,0.0,0.0,0.9930828517643936
1661297393,2a06:e881:73ef::/48,7018,0.0,0.0,0.0,0.0,0.0,0.0,0.9930023947842532
1661299636,185.223.79.0/24,26804,0.0,0.0,0.0,0.0,0.0,0.0,1.0
1661442127,81.168.126.0/24,399471,0.0,0.0,0.0,0.0,0.0,0.0,0.9832411320120892
1661617436,193.109.192.0/24,28753,0.0,0.0,0.0,0.0,0.0,0.0,0.6114580891458882
1661771870,103.162.205.0/24,2,0.0,0.0,0.0,0.0,0.0,0.0,0.9954363130911196
1661852595,93.188.155.0/24,31363,0.0,0.0,0.0,0.0,0.0,0.0,0.9671269751479672
1656473118,217.74.20.0/24,9186,0.0,0.0,0.0,0.0,0.0,0.0,0.9670201310492582
1656710982,200.192.106.0/24,3549,0.0,0.0,0.0,0.0,0.0,0.0,0.9691477017416602
1656738825,185.170.43.0/24,30475,0.0,0.0,0.0,0.0,0.0,0.0,0.9942397990100112
1657047039,91.228.14.0/24,7029,0.0,0.0,0.0,0.0,0.0,0.0,0.9925598810101954
1657219643,45.95.113.0/24,213382,0.0,0.0,0.0,0.0,0.0,0.0,0.8502420291426188
1657316781,109.122.205.0/24,26548,0.0,0.0,0.0,0.0,0.0,0.0,0.9916633356830676
1657316781,109.122.209.0/24,26548,0.0,0.0,0.0,0.0,0.0,0.0,0.9942959371822538
1657324623,85.237.208.0/24,207787,0.0,0.0,0.0,0.0,0.0,0.0,0.9932316446164312
1657721964,3.0.0.0/15,7303,0.0,0.0,0.0,0.0,0.0,0.0,0.9917281556559154
1657725165,141.113.192.0/22,35042,0.0,0.0,0.0,0.0,0.0,0.0,0.9697863050114072
1658188716,37.33.0.0/16,12479,0.0,0.0,0.0,0.0,0.0,0.0,0.9815866790235672
1658219600,193.203.48.0/24,15626,0.0,0.0,0.0,0.0,0.0,0.0,0.9383377149350922
1658244856,198.0.0.0/16,262374,0.0,0.0,0.0,0.0,0.0,0.0,0.9899633832932326
1658362672,2605:f440::/32,923,0.0,0.0,0.0,0.0,0.0,0.0,0.9671543699288594
1658756054,172.100.0.0/15,6697,0.0,0.0,0.0,0.0,0.0,0.0,0.9940600828415213
1659430007,193.233.240.0/22,48678,0.0,0.0,0.0,0.0,0.0,0.0,0.965987676543714
1640967833,192.169.212.0/22,212442,0.0,0.0,0.0,0.0,0.0,0.0,0.9948354499693944
1642155466,193.233.176.0/20,136923,0.0,0.0,0.0,0.0,0.0,0.0,0.9943780202628022
1652908094,103.54.100.0/24,2,0.0,0.0,0.0,0.0,0.0,0.0,0.993854024421202
1652908094,103.54.101.0/24,2,0.0,0.0,0.0,0.0,0.0,0.0,0.993854024421202
1647674483,171.22.52.0/22,209961,0.0,0.0,0.0,0.0,0.0,0.0,0.8377069616224612
1649537593,2a01:360::/29,206425,0.0,0.0,0.0,0.0,0.0,0.0,0.6227655520031024
1645380381,198.12.61.0/24,23198,0.0,0.0,0.0,0.0,0.0,0.0,0.9914958778121186
1650475131,185.112.249.0/24,207177,0.0,0.0,0.0,0.0,0.0,0.0,0.9917242913182008
1650475131,188.208.103.0/24,207177,0.0,0.0,0.0,0.0,0.0,0.0,0.9932348876047986
1650475131,193.46.204.0/24,207177,0.0,0.0,0.0,0.0,0.0,0.0,0.9940163400951408
1650475131,193.46.214.0/24,207177,0.0,0.0,0.0,0.0,0.0,0.0,0.9940163400951408
1650475119,194.180.238.0/24,207177,0.0,0.0,0.0,0.0,0.0,0.0,0.9940163400951408
1650475179,195.138.120.0/24,207177,0.0,0.0,0.0,0.0,0.0,0.0,0.9940187751870082
1650475131,195.149.127.0/24,207177,0.0,0.0,0.0,0.0,0.0,0.0,0.9940163400951408
1650475131,2.58.60.0/22,207177,0.0,0.0,0.0,0.0,0.0,0.0,0.9940187751870082
1650475131,5.252.168.0/22,207177,0.0,0.0,0.0,0.0,0.0,0.0,0.9940163400951408
1650475131,80.94.80.0/23,207177,0.0,0.0,0.0,0.0,0.0,0.0,0.9691112299303236
1655961248,77.47.128.0/17,208747,0.0,0.0,0.0,0.0,0.0,0.0,1.0
1647150881,170.83.219.0/24,4200000178,0.0,0.0,0.0,0.0,0.0,0.0,1.0
1645534074,91.231.164.0/22,198726,0.0,0.0,0.0,0.0,0.0,0.0,0.935930749938927
1644938399,89.41.168.0/22,51102,0.0,0.0,0.0,0.0,0.0,0.0,0.9698332542438952
1644952652,103.132.178.0/24,65560,0.0,0.0,0.0,0.0,0.0,0.0,1.0
1646900863,93.170.0.0/15,208946,0.0,0.0,0.0,0.0,0.0,0.0,0.9870308150461664
1645188912,195.69.230.0/24,213168,0.0,0.0,0.0,0.0,0.0,0.0,0.9947196929148846
1640840126,95.46.0.0/15,50688,0.0,0.0,0.0,0.0,0.0,0.0,0.952997603829213
1640839441,96.96.0.0/12,56060,0.0,0.0,0.0,0.0,0.0,0.0,0.996958686520562
1647588012,103.175.14.0/23,147002,0.0,0.0,0.0,0.0,0.0,0.0,0.9496399758103056
1640397286,172.32.0.0/11,8346,0.0,0.0,0.0,0.0,0.0,0.0,0.9925175552471028
1640397286,80.144.0.0/13,8346,0.0,0.0,0.0,0.0,0.0,0.0,0.986795010639211
1642065595,31.210.20.0/24,136923,0.0,0.0,0.0,0.0,0.0,0.0,0.9812628540717352
1642065595,37.0.10.0/24,136923,0.0,0.0,0.0,0.0,0.0,0.0,0.9923793987711084
1655712632,20.0.0.0/11,8452,0.0,0.0,0.0,0.0,0.0,0.0,0.9832425878371498
1641096821,103.140.212.0/24,70555,0.0,0.0,0.0,0.0,0.0,0.0,1.0
1654639815,172.32.0.0/11,265345,0.0,0.0,0.0,0.0,0.0,0.0,0.9918309484153822
1654642769,18.194.0.0/15,53146,0.0,0.0,0.0,0.0,0.0,0.0,0.9926727747194878
1640811035,23.230.0.0/16,64511,0.0,0.0,0.0,0.0,0.0,0.0,1.0
1640811035,23.230.96.0/19,64511,0.0,0.0,0.0,0.0,0.0,0.0,1.0
1645687256,142.250.0.0/15,53146,0.0,0.0,0.0,0.0,0.0,0.0,0.9913003385796668
1645735844,170.83.172.0/24,262253,0.0,0.0,0.0,0.0,1.0,0.0,0.9328395207012112
1642542860,103.120.223.0/24,65560,0.0,0.0,0.0,0.0,0.0,0.0,1.0
1649326540,172.32.0.0/11,209998,0.0,0.0,0.0,0.0,0.0,0.0,0.9945972038172158
1654860455,103.54.100.0/24,8,0.0,0.0,0.0,0.0,0.0,0.0,0.9584958285783132
1654860455,103.54.101.0/24,8,0.0,0.0,0.0,0.0,0.0,0.0,0.9584958285783132
1651086689,136.175.124.0/24,33130,0.0,0.0,0.0,0.0,0.0,0.0,0.9663787384267366
1648469186,104.244.42.0/24,8342,0.0,0.0,0.0,0.0,0.0,0.0,0.9953406266319482
1640724824,103.100.181.0/24,10,0.0,0.0,0.0,0.0,0.0,0.0,0.9947600034523748
1649200799,131.196.82.0/24,3,0.0,0.0,0.0,0.0,0.0,0.0,0.995976428171136
1641397649,138.255.23.0/24,262253,0.0,0.0,0.0,0.0,0.0,0.0,0.9770843718004304
1652325270,170.39.227.0/24,4233001668,0.0,0.0,0.0,0.0,0.0,0.0,1.0
1639564018,101.103.0.0/16,139646,0.0,0.0,0.0,0.0,0.0,0.0,0.9879019597484128
1639593227,31.130.184.0/24,59721,0.0,0.0,0.0,0.0,0.0,0.0,1.0
1639593226,31.130.185.0/24,59721,0.0,0.0,0.0,0.0,0.0,0.0,1.0
1639593226,31.130.186.0/24,59721,0.0,0.0,0.0,0.0,0.0,0.0,1.0
1640085874,188.17.224.0/19,28267,0.0,0.0,0.0,0.0,0.0,0.0,0.995238558349449
1654516911,185.243.172.0/22,4200000001,0.0,0.0,0.0,0.0,0.0,0.0,1.0
1654516911,45.153.192.0/22,4228100017,0.0,0.0,0.0,0.0,0.0,0.0,1.0
1652986988,185.153.92.0/24,5,0.0,0.0,0.0,0.0,0.0,0.0,0.9933765715415008
1652988860,172.69.4.0/22,8026,0.0,0.0,0.0,0.0,0.0,0.0,0.980362139561263
1652988860,176.0.0.0/13,8026,0.0,0.0,0.0,0.0,0.0,0.0,0.9933503959516246
1652988860,190.1.0.0/23,8026,0.0,0.0,0.0,0.0,0.0,0.0,0.9858231227667889
1650572826,210.48.150.0/23,4202202131,0.0,0.0,0.0,0.0,0.0,0.0,1.0
1662441126,77.47.178.0/24,208747,0.0,0.0,0.0,0.0,0.0,0.0,1.0
1662441126,77.47.179.0/24,208747,0.0,0.0,0.0,0.0,0.0,0.0,1.0
1662480819,181.232.147.0/24,61689,0.0,0.0,0.0,0.0,0.0,0.0,0.8380264710909412
1662496511,13.104.0.0/14,264619,0.0,0.0,0.0,0.0,0.0,0.0,0.9969732296063732
1662502147,185.161.65.0/24,48678,0.0,0.0,0.0,0.0,1.0,1.0,0.9659664654973008
1662559515,185.202.180.0/22,43571,0.0,0.0,0.0,0.0,0.0,0.0,0.9832413935647646
1662628776,88.151.9.0/24,212271,0.0,0.0,0.0,0.0,0.0,0.0,0.938195690206969
1662638365,195.16.75.0/24,3209,0.0,0.0,0.0,0.0,1.0,0.0,0.7610488029669298
1662637835,85.254.64.0/23,60068,0.0,0.0,0.0,0.0,1.0,0.0,0.9942453225294564
1662712753,77.101.16.0/22,39238,0.0,0.0,0.0,0.0,0.0,0.0,0.9839271294592552
1662996898,190.184.246.0/24,7162,0.0,0.0,0.0,0.0,0.0,0.0,0.9783684190346368
1663158640,157.254.231.0/24,38337,0.0,0.0,0.0,0.0,0.0,0.0,0.9943617900139392
1663200956,185.95.156.0/24,42831,0.0,0.0,0.0,0.0,0.0,0.0,0.9531530765644912
1663200956,85.239.148.0/24,42831,0.0,0.0,0.0,0.0,0.0,0.0,0.9531530765644912
1663307670,45.114.77.0/24,6453,0.0,0.0,0.0,0.0,0.0,0.0,0.9881094598220096
1663317232,185.169.92.0/22,203,0.0,0.0,0.0,0.0,0.0,0.0,0.9926810166730408
1663317232,193.72.147.0/24,203,0.0,0.0,0.0,0.0,0.0,0.0,0.9925701012970376
1663326370,5.11.163.0/24,4755,0.0,0.0,0.0,0.0,0.0,0.0,0.9869625385750652
1663372883,152.89.171.0/24,212728,0.0,0.0,0.0,0.0,1.0,0.0,0.768695233756483
1663433766,203.32.41.0/24,49999,0.0,0.0,0.0,0.0,0.0,0.0,0.9961286293014756
1663542660,2a0e:f201::/32,30633,0.0,0.0,0.0,0.0,0.0,0.0,0.9764795134203932
1663589673,45.152.197.0/24,7018,0.0,0.0,0.0,0.0,0.0,0.0,0.9491309715132348
1663643372,190.89.20.0/24,271561,0.0,0.0,0.0,0.0,0.0,0.0,0.9698267655334069
1663781097,185.205.192.0/24,14576,0.0,0.0,0.0,0.0,0.0,0.0,0.991351042425524
1663781097,185.205.193.0/24,14576,0.0,0.0,0.0,0.0,0.0,0.0,0.9908390122978172
1663821533,185.243.6.0/24,49532,0.0,0.0,0.0,0.0,0.0,0.0,0.8582758160877099
1663900219,91.221.117.0/24,18403,0.0,0.0,0.0,0.0,0.0,0.0,0.9939256316087176
1663958845,103.136.231.0/24,3223,0.0,0.0,0.0,0.0,0.0,0.0,0.992941767560482
1664021853,84.32.82.0/24,48678,0.0,0.0,0.0,0.0,0.0,0.0,0.9936369476996292
1664025787,2404:f4c0:f5c0::/44,47158,0.0,0.0,0.0,0.0,0.0,0.0,0.9965153427218684
1664103863,194.5.99.0/24,6060,0.0,0.0,0.0,0.0,0.0,0.0,0.9919577506914862
1664159352,195.66.224.0/21,9304,0.0,0.0,0.0,0.0,0.0,0.0,0.9944826576623416
1664213912,5.178.0.0/24,28787,0.0,0.0,0.0,0.0,0.0,0.0,0.5565455518762988
1664213912,5.178.1.0/24,28787,0.0,0.0,0.0,0.0,0.0,0.0,0.5565455518762988
1664258740,195.69.230.0/24,213168,0.0,0.0,0.0,0.0,0.0,0.0,0.9947196929148846
1664295859,87.254.3.0/24,48678,0.0,0.0,0.0,0.0,0.0,0.0,0.981972117473032
1664295859,88.216.42.0/24,48678,0.0,0.0,0.0,0.0,0.0,0.0,0.97524626803894
1664390320,170.84.37.0/24,12956,0.0,0.0,0.0,0.0,0.0,0.0,0.9888842407592534
1664499373,93.185.152.0/22,396356,0.0,0.0,0.0,0.0,1.0,0.0,0.9970243096689788
1664803760,45.123.40.0/24,134382,0.0,0.0,0.0,0.0,0.0,0.0,0.996223938543694
1664803760,45.123.41.0/24,134382,0.0,0.0,0.0,0.0,0.0,0.0,0.996223938543694
1664811529,2607:f698:ffff::/48,35280,0.0,0.0,0.0,0.0,0.0,1.0,0.9923608905235056
1664842409,34.32.34.0/24,35280,0.0,0.0,0.0,0.0,0.0,0.0,0.9937769975481062
1664885929,138.94.72.0/22,282848,0.0,0.0,0.0,0.0,0.0,0.0,1.0
1664890800,89.248.163.0/24,35539,0.0,0.0,0.0,0.0,0.0,0.0,0.980920602616776
1664900025,185.89.232.0/23,203,0.0,0.0,0.0,0.0,0.0,0.0,0.992782210608587
1664900025,185.89.234.0/23,203,0.0,0.0,0.0,0.0,0.0,0.0,0.9927550074136764
1664947936,138.186.5.0/24,3549,0.0,0.0,0.0,0.0,0.0,0.0,0.9737040210180544
1665118002,85.239.144.0/22,396356,0.0,0.0,0.0,0.0,1.0,0.0,0.9970243096689788
1665139816,65.110.46.0/24,60068,0.0,0.0,0.0,0.0,0.0,0.0,0.9938652337000976
1665179675,168.228.84.0/24,26661,0.0,0.0,0.0,0.0,0.0,0.0,0.9921807833323694
1665234134,150.129.178.0/24,6453,0.0,0.0,0.0,0.0,0.0,0.0,0.9897669938252788
1665347632,84.255.153.0/24,4755,0.0,0.0,0.0,0.0,0.0,0.0,0.9762285414481282
1665357767,185.45.31.0/24,263483,0.0,0.0,0.0,0.0,0.0,0.0,0.9923172166116764
1665429321,45.141.233.0/24,60458,0.0,0.0,0.0,0.0,0.0,0.0,0.9595552156376702
1665429321,45.141.234.0/24,60458,0.0,0.0,0.0,0.0,0.0,0.0,0.9455609447323362
1665446503,161.123.172.0/24,60458,0.0,0.0,0.0,0.0,0.0,0.0,0.9913215450020324
1665446503,161.123.173.0/24,60458,0.0,0.0,0.0,0.0,0.0,0.0,0.9913215450020324
1665446496,93.152.216.0/24,60458,0.0,0.0,0.0,0.0,0.0,0.0,0.9955622075395766
1665504515,45.146.242.0/23,7018,0.0,0.0,0.0,0.0,0.0,0.0,0.9508287238225104
1665562157,154.206.12.0/24,138915,0.0,0.0,0.0,0.0,0.0,0.0,0.9941546354814386
1665573766,2a06:a006:1392::/48,206016,0.0,0.0,0.0,0.0,0.0,0.0,0.994732528800078
1665730986,121.50.191.0/24,3491,0.0,0.0,0.0,0.0,0.0,0.0,0.9935848534103888
1665751531,160.20.10.0/24,9860,0.0,0.0,0.0,0.0,0.0,0.0,0.9680725436722142
1665751531,160.20.8.0/24,9860,0.0,0.0,0.0,0.0,0.0,0.0,0.9680725436722142
1666109419,45.144.213.0/24,48678,0.0,0.0,0.0,0.0,0.0,0.0,0.9580657462766576
1666290973,192.169.5.0/24,7303,0.0,0.0,0.0,0.0,0.0,0.0,0.992241722748876
1666322594,131.72.169.0/24,10,0.0,0.0,0.0,0.0,0.0,0.0,0.9918753560766584
1666356020,131.72.169.0/24,5,0.0,0.0,0.0,0.0,0.0,0.0,0.9936019827376552
1666429275,193.111.117.0/24,21859,0.0,0.0,0.0,0.0,1.0,0.0,0.9971014271472216
1666430734,212.193.6.0/24,48678,0.0,0.0,0.0,0.0,0.0,0.0,0.9940243107806038
1666463656,192.169.161.0/24,7303,0.0,0.0,0.0,0.0,0.0,0.0,0.992241722748876
1666566587,45.131.187.0/24,47924,0.0,0.0,0.0,0.0,0.0,0.0,0.9944275858161036
1666590221,190.26.30.0/24,6621,0.0,0.0,0.0,0.0,1.0,0.0,0.9829708711607612
1666641746,51.38.71.0/24,9498,0.0,0.0,0.0,0.0,0.0,0.0,0.9924697061269016
1666660801,217.68.217.0/24,6453,0.0,0.0,0.0,0.0,1.0,0.0,0.980028948760724
1666794938,94.154.124.0/24,8220,0.0,0.0,0.0,0.0,0.0,0.0,0.9902921552172982
1666811129,218.98.81.0/24,57844,0.0,0.0,0.0,0.0,0.0,0.0,0.9931050037457232
1666811129,218.98.82.0/24,57844,0.0,0.0,0.0,0.0,0.0,0.0,0.9931050037457232
1666859674,100.20.30.0/24,37063,0.0,0.0,0.0,0.0,0.0,0.0,0.9959906390940976
1666881954,103.190.179.0/24,59436,0.0,0.0,0.0,0.0,0.0,0.0,0.9727329609509616
1666958898,103.80.78.0/24,137532,0.0,0.0,0.0,0.0,1.0,0.0,0.9921959220544204
1666958898,103.80.79.0/24,137532,0.0,0.0,0.0,0.0,1.0,0.0,0.9576436427545572
1667063966,45.85.250.0/24,141158,0.0,0.0,0.0,0.0,0.0,0.0,0.9934674467852184
1667118348,93.93.246.0/24,210756,0.0,0.0,0.0,0.0,0.0,0.0,0.9936742201659112
1667186714,185.221.197.0/24,9107,0.0,0.0,0.0,0.0,1.0,0.0,1.0
1667241845,217.119.129.0/24,9107,0.0,0.0,0.0,0.0,0.0,0.0,1.0
1667290412,103.149.162.0/24,150150,0.0,0.0,0.0,0.0,1.0,0.0,0.9364573586721444
1667379100,31.3.223.0/24,3356,0.0,0.0,0.0,0.0,0.0,0.0,0.9922496258602362
1667459501,2a05:dfc7:1604::/48,203458,0.0,0.0,0.0,0.0,0.0,0.0,0.997332607981522
1667540157,172.62.0.0/24,265345,0.0,0.0,0.0,0.0,0.0,0.0,0.9918309484153822
1667540157,172.64.0.0/24,265345,0.0,0.0,0.0,0.0,0.0,0.0,0.9918309484153822
1667540157,172.66.0.0/24,265345,0.0,0.0,0.0,0.0,0.0,0.0,0.9918309484153822
1667582940,185.80.40.0/24,202532,0.0,0.0,0.0,0.0,0.0,0.0,0.9730638155107572
1667582940,185.80.42.0/24,202532,0.0,0.0,0.0,0.0,0.0,0.0,0.9730638155107572
1667775123,5.252.80.0/24,400328,0.0,0.0,0.0,0.0,0.0,0.0,1.0
1667904210,94.137.79.0/24,400377,0.0,0.0,0.0,0.0,0.0,0.0,0.9883262630001683
1667982572,23.142.82.0/24,149064,0.0,0.0,0.0,0.0,0.0,0.0,0.996921366659554
1668014168,138.59.116.0/22,271791,0.0,0.0,0.0,0.0,0.0,0.0,0.8986426773635432
1668014168,170.245.34.0/24,271791,0.0,0.0,0.0,0.0,0.0,0.0,0.8986426773635432
1668087222,103.170.230.0/24,20,0.0,0.0,0.0,0.0,0.0,0.0,0.9962485089074304
1668180456,194.180.49.0/24,38337,0.0,0.0,0.0,0.0,0.0,0.0,0.9931335277480848
1668245273,62.182.174.0/24,48678,0.0,0.0,0.0,0.0,0.0,0.0,0.9761859604515628
1668264229,212.70.189.0/24,202199,0.0,0.0,0.0,0.0,0.0,0.0,0.995018881797032
1668624282,154.197.25.0/24,269931,0.0,0.0,0.0,0.0,0.0,0.0,0.5802158661405141
1668665419,146.19.93.0/24,12735,0.0,0.0,0.0,0.0,0.0,0.0,0.962849978841526
1668750714,81.246.7.0/24,6663,0.0,0.0,0.0,0.0,0.0,0.0,0.9613848503835332
1668804617,2803:df10::/32,61448,0.0,0.0,0.0,0.0,0.0,0.0,1.0
1668819075,45.139.8.0/24,42440,0.0,0.0,0.0,0.0,0.0,1.0,0.9948304468053796
1668902322,193.221.112.0/24,213306,0.0,0.0,0.0,0.0,1.0,0.0,0.8991417062864769
1669023460,79.175.66.0/24,212384,0.0,0.0,0.0,0.0,0.0,0.0,0.9923497266930712
1669051209,180.178.150.0/24,139879,0.0,0.0,0.0,0.0,1.0,1.0,0.8302363374098829
1669081354,2400:cb00:611::/48,24550,0.0,0.0,0.0,0.0,1.0,0.0,0.621206340822428
1669249423,126.99.110.0/24,174,0.0,0.0,0.0,0.0,0.0,0.0,0.9969806687821812
1669249675,185.65.204.0/24,15924,0.0,0.0,0.0,0.0,0.0,0.0,0.9800656796618746
1669249675,185.65.205.0/24,15924,0.0,0.0,0.0,0.0,0.0,0.0,0.9800656796618746
1669283736,85.154.211.0/24,211510,0.0,0.0,0.0,0.0,0.0,0.0,0.9869093166084404
1669304616,185.74.35.0/24,4,0.0,0.0,0.0,0.0,0.0,0.0,0.9933658603918748
1669334882,163.5.145.0/24,30823,0.0,0.0,0.0,0.0,0.0,0.0,0.9661013989931652
1669350429,101.178.4.0/23,149290,0.0,0.0,0.0,0.0,0.0,0.0,0.9878814168347984
1669375324,103.159.150.0/24,1339967,0.0,0.0,0.0,0.0,0.0,0.0,1.0
1669473612,31.3.1.0/24,59239,0.0,0.0,0.0,0.0,0.0,0.0,0.990038530041612
1669483745,185.204.2.0/24,15399,0.0,0.0,0.0,0.0,0.0,0.0,0.9898555943507334
1669483764,197.80.0.0/13,15399,0.0,0.0,0.0,0.0,0.0,0.0,0.9763756825503024
1669483742,37.57.137.0/24,15399,0.0,0.0,0.0,0.0,0.0,0.0,0.9883905411244964
1669483747,91.198.174.0/24,15399,0.0,0.0,0.0,0.0,0.0,0.0,0.9955841346902002
1669598964,103.88.139.0/24,38442,0.0,0.0,0.0,0.0,1.0,0.0,0.9833591025774524
1669706640,154.16.183.0/24,60781,0.0,0.0,0.0,0.0,0.0,0.0,0.993973411866091
1669749699,185.127.129.0/24,212027,0.0,0.0,0.0,0.0,1.0,0.0,0.9478649763850896
1669822828,200.240.111.0/24,6147,0.0,0.0,0.0,0.0,0.0,0.0,0.9803958040268904
1669968767,93.222.104.0/23,5398,0.0,0.0,0.0,0.0,0.0,0.0,0.8348698945855202
1670279658,103.149.121.0/24,139952,0.0,0.0,0.0,0.0,1.0,0.0,0.5932638921601954
1670359094,193.233.128.0/22,64080,0.0,0.0,0.0,0.0,0.0,0.0,0.9940414952507832
1670359094,193.233.216.0/22,64080,0.0,0.0,0.0,0.0,0.0,0.0,0.9918833695867416
1670389005,2400:70e0:bab::/48,38136,0.0,0.0,0.0,0.0,0.0,0.0,0.9776241220003432
1670409617,95.47.98.0/24,39728,0.0,0.0,0.0,0.0,0.0,1.0,0.9485787058539435
1670425766,185.146.0.0/24,262287,0.0,0.0,0.0,0.0,0.0,0.0,0.9957440560209712
1670456867,185.128.36.0/24,207734,0.0,0.0,0.0,0.0,0.0,0.0,0.9873282384164306
1670772562,103.147.24.0/24,65830,0.0,0.0,0.0,0.0,0.0,0.0,1.0
1670867096,149.126.197.0/24,22773,0.0,0.0,0.0,0.0,0.0,0.0,0.9948456282893846
1670867096,46.3.158.0/24,22773,0.0,0.0,0.0,0.0,0.0,0.0,0.9967961782228336
1670867096,46.3.159.0/24,22773,0.0,0.0,0.0,0.0,0.0,0.0,0.9967314893013208
1670867096,46.3.202.0/24,22773,0.0,0.0,0.0,0.0,0.0,0.0,0.963178854497952
1671027096,5.39.251.0/24,211439,0.0,0.0,0.0,0.0,0.0,0.0,0.9468602612905648
1671163722,145.5.148.0/24,4761,0.0,0.0,0.0,0.0,0.0,0.0,0.9946092401876307
1671211210,31.133.38.0/24,8854,0.0,0.0,0.0,0.0,1.0,0.0,1.0
1671261816,179.191.184.0/24,33182,0.0,0.0,0.0,0.0,0.0,0.0,0.9938734395202896
1671314402,154.16.183.0/24,60781,0.0,0.0,0.0,0.0,0.0,0.0,0.993973411866091
1671518103,178.20.208.0/24,48147,0.0,0.0,0.0,0.0,0.0,0.0,0.9900801086526068
1671518683,213.204.16.0/24,212384,0.0,0.0,0.0,0.0,0.0,0.0,0.9926107455713506
1671523133,103.79.228.0/23,4812,0.0,0.0,0.0,0.0,1.0,1.0,0.9255517799609538
1671629499,185.234.14.0/24,41689,0.0,0.0,0.0,0.0,0.0,1.0,0.9824581964014638
1671675799,87.236.209.0/24,41689,0.0,0.0,0.0,0.0,0.0,1.0,0.9887369680982764
1671750112,170.238.201.137/32,36236,0.0,0.0,0.0,0.0,1.0,0.0,0.9923156633964028
1671821817,195.58.52.0/24,29470,0.0,0.0,0.0,0.0,0.0,0.0,0.9733506245492222
1672316666,45.154.105.0/24,40676,0.0,0.0,0.0,0.0,0.0,0.0,0.995475488088252
1672316666,91.199.163.0/24,63023,0.0,0.0,0.0,0.0,0.0,0.0,0.9918784055109432
1672328286,212.192.210.0/24,262287,0.0,0.0,0.0,0.0,1.0,0.0,0.9858251394516696
1672331457,45.94.6.0/24,48678,0.0,0.0,0.0,0.0,0.0,0.0,0.932015627735377
1672408217,2a05:1084:c00::/40,203867,0.0,0.0,0.0,0.0,0.0,0.0,0.9962814001224676
1672627788,185.74.222.0/24,53363,0.0,0.0,0.0,0.0,0.0,0.0,0.9967064039960486
1672639086,103.162.24.0/24,137085,0.0,0.0,0.0,0.0,0.0,0.0,0.9809635703511552
1672697796,5.135.120.0/24,56630,0.0,0.0,0.0,0.0,0.0,0.0,0.9709143806635476
1672730209,194.87.22.0/24,48678,0.0,0.0,0.0,0.0,0.0,0.0,0.9819356026944108
1672745781,185.100.148.0/22,203,0.0,0.0,0.0,0.0,0.0,0.0,0.9926048309496676
1672755707,212.111.218.0/24,43260,0.0,0.0,0.0,0.0,0.0,0.0,0.994036087132495
1672789503,200.34.171.0/24,10753,0.0,0.0,0.0,0.0,0.0,0.0,0.9825110970649882
1672925407,193.221.192.0/24,206873,0.0,0.0,0.0,0.0,0.0,0.0,0.9832343675139452
1673068164,91.216.185.0/24,213035,0.0,0.0,0.0,0.0,0.0,0.0,0.9938644152422058
1673079066,213.176.88.0/24,15611,0.0,0.0,0.0,0.0,0.0,0.0,0.9900791143539986
1673079066,213.176.89.0/24,15611,0.0,0.0,0.0,0.0,0.0,0.0,0.9900791143539986
1673192883,89.46.177.0/24,51440,0.0,0.0,0.0,0.0,0.0,0.0,0.9826514736967208
1673504727,2803:d9c0:1::/48,174,0.0,0.0,0.0,0.0,0.0,1.0,0.9924427898744638
1673517787,212.25.56.0/24,200,0.0,0.0,0.0,0.0,0.0,0.0,0.9889037526999348
1673602900,104.143.229.0/24,9009,0.0,0.0,0.0,0.0,0.0,0.0,0.9708077925798833
1673704506,103.248.52.0/24,150678,0.0,0.0,0.0,1.0,0.0,0.0,1.0
1673704506,103.248.55.0/24,150678,0.0,0.0,0.0,1.0,0.0,0.0,1.0
1673804471,82.102.15.0/24,41689,0.0,0.0,0.0,0.0,0.0,1.0,0.9881917300762676
1674033962,103.112.177.0/24,131284,0.0,0.0,0.0,0.0,0.0,0.0,0.8238400140905526
1674033962,103.112.178.0/24,131284,0.0,0.0,0.0,0.0,0.0,0.0,0.8238400140905526
1674140286,194.15.151.0/24,211459,0.0,0.0,0.0,0.0,0.0,0.0,0.9936224050922003
1674173389,190.196.224.0/24,266176,0.0,0.0,0.0,0.0,0.0,0.0,0.97211702356233
1674197825,89.46.10.0/24,211936,0.0,0.0,0.0,0.0,0.0,0.0,0.9528402663159832
1674297030,103.52.34.0/24,55714,0.0,0.0,0.0,0.0,0.0,0.0,0.6139962450158775
1674378883,105.201.96.0/20,36947,0.0,0.0,0.0,0.0,0.0,0.0,0.982522096572548
1674468529,95.46.166.0/23,57764,0.0,0.0,0.0,0.0,0.0,0.0,0.978283955569897
1674511580,2a05:dfc7:5000::/39,212477,0.0,0.0,0.0,0.0,1.0,0.0,0.9734400351243012
1674511580,2a12:dd47:b000::/36,212477,0.0,0.0,0.0,0.0,1.0,0.0,0.9920230615251072
1674549307,166.1.188.0/24,210654,0.0,0.0,0.0,0.0,0.0,0.0,0.9954831865196956
1674561925,20.20.0.0/20,150464,0.0,0.0,0.0,0.0,0.0,0.0,0.996958504056182
1674671731,45.45.45.0/24,264212,0.0,0.0,0.0,0.0,0.0,0.0,0.991453843434052
1674993989,31.129.30.0/24,48678,0.0,0.0,0.0,0.0,0.0,0.0,0.993570498938796
1675152212,137.59.4.0/24,133034,0.0,0.0,0.0,0.0,0.0,0.0,0.9906602476898132
1675152212,137.59.6.0/24,133034,0.0,0.0,0.0,0.0,0.0,0.0,0.9906602476898132
1675154041,64.50.174.0/24,8100,0.0,0.0,0.0,0.0,1.0,0.0,0.985866257391434
1675155900,185.145.52.0/24,139482,0.0,0.0,0.0,0.0,0.0,0.0,0.9957971487719414
1675155900,83.147.11.0/24,139482,0.0,0.0,0.0,0.0,0.0,0.0,0.9958051945694196
1675670320,199.250.248.0/24,7473,0.0,0.0,0.0,0.0,0.0,0.0,0.9970047863475908
1675689256,107.187.124.0/24,197328,0.0,0.0,0.0,0.0,0.0,0.0,0.9356871067775672
1675697500,78.110.2.0/24,358,0.0,0.0,0.0,0.0,0.0,0.0,0.9953860971256736
1675940818,192.200.10.0/24,4761,0.0,0.0,0.0,0.0,0.0,0.0,0.9972693044186642
1676291630,45.141.52.0/24,56322,0.0,0.0,0.0,0.0,0.0,0.0,0.994553011157263
1676451850,172.8.0.0/16,9498,0.0,0.0,0.0,0.0,0.0,0.0,0.9962442122963908
1676560457,46.253.12.0/24,9002,0.0,0.0,0.0,0.0,0.0,0.0,0.9668367641519264
1676583066,199.217.104.0/24,17557,0.0,0.0,0.0,0.0,0.0,0.0,0.9955897265774938
1676583066,199.217.105.0/24,17557,0.0,0.0,0.0,0.0,0.0,0.0,0.9955897265774938
1676660507,140.99.1.0/24,1239,0.0,0.0,0.0,0.0,0.0,0.0,0.9972780228038493
1676660507,194.87.226.0/24,1239,0.0,0.0,0.0,0.0,0.0,0.0,0.96915839805186
1676765463,164.160.68.0/22,37054,0.0,0.0,0.0,0.0,0.0,0.0,0.9269264131550792
1676977447,140.90.101.0/24,7602,0.0,0.0,0.0,0.0,0.0,0.0,0.9975572391568877
1677042276,202.9.209.0/24,4797,0.0,0.0,0.0,0.0,0.0,0.0,0.9859201259249468
1677143003,109.203.162.0/24,43260,0.0,0.0,0.0,0.0,0.0,0.0,0.993885856630547
1677192012,93.115.254.0/24,203458,0.0,0.0,0.0,0.0,0.0,0.0,0.9806866146936184
1677255618,103.118.44.0/24,6461,0.0,0.0,0.0,0.0,0.0,0.0,0.9962697553711314
1677294445,118.99.26.0/24,32181,0.0,0.0,0.0,0.0,0.0,0.0,0.9966822451400668
1677294445,118.99.31.0/24,32181,0.0,0.0,0.0,0.0,0.0,0.0,0.9966822451400668
1677438763,5.112.175.0/24,41689,0.0,0.0,0.0,0.0,0.0,0.0,0.5562466489993507
1677460945,195.191.44.0/24,41689,0.0,0.0,0.0,0.0,0.0,0.0,0.8630161570078436
1677469687,103.118.44.0/24,135735,0.0,0.0,0.0,0.0,0.0,0.0,0.9795008675353816
1677482354,167.179.128.0/24,133200,0.0,0.0,0.0,0.0,0.0,0.0,0.9900713220893184
1677487665,172.10.10.0/24,18229,0.0,0.0,0.0,0.0,0.0,0.0,0.996066875422932
1677519747,172.70.180.0/24,25106,0.0,0.0,0.0,0.0,0.0,0.0,0.7573807641367344
1677519747,176.58.53.0/24,25106,0.0,0.0,0.0,0.0,0.0,0.0,0.937802095029056
1677519729,185.190.189.0/24,25106,0.0,0.0,0.0,0.0,0.0,0.0,0.937802095029056
1677519991,185.63.17.0/24,47169,0.0,0.0,0.0,0.0,0.0,0.0,0.9934745019668816
1677519738,78.41.107.0/24,25106,0.0,0.0,0.0,0.0,0.0,0.0,0.937802095029056
1677519738,80.72.218.0/24,25106,0.0,0.0,0.0,0.0,0.0,0.0,0.937802095029056
1677596038,194.15.151.0/24,211459,0.0,0.0,0.0,0.0,0.0,0.0,0.9936224050922003
1677658778,45.148.117.0/24,58057,0.0,0.0,0.0,0.0,0.0,0.0,0.9025330281770128
1677658778,45.148.118.0/24,58057,0.0,0.0,0.0,0.0,1.0,0.0,0.8588520825869398
1677704991,185.115.136.0/24,272148,0.0,0.0,0.0,0.0,0.0,0.0,0.994496903664052
1677704752,2001:1248:5500::/42,269000,0.0,0.0,0.0,0.0,0.0,0.0,0.9903372511404722
1677704752,2001:1248:5540::/42,269000,0.0,0.0,0.0,0.0,0.0,0.0,0.9903372511404722
1677704794,2403:b00:1::/48,269000,0.0,0.0,0.0,0.0,0.0,0.0,0.9957325789740176
1677704794,2403:b00::/48,269000,0.0,0.0,0.0,0.0,0.0,0.0,0.9957325789740176
1677704779,2620:16d:700::/48,269000,0.0,0.0,0.0,0.0,0.0,0.0,0.9932741558446652
1677704780,2802:0:48::/48,269000,0.0,0.0,0.0,0.0,0.0,0.0,0.9827507798631236
1677704780,2802:0:49::/48,269000,0.0,0.0,0.0,0.0,0.0,0.0,0.9827507798631236
1677704780,2803:3360:4000::/34,269000,0.0,0.0,0.0,0.0,0.0,0.0,0.9481593758034784
1677704780,2803:3360:8000::/33,269000,0.0,0.0,0.0,0.0,0.0,0.0,0.9481593758034784
1677704787,2804:680:f00::/40,269000,0.0,0.0,0.0,0.0,0.0,0.0,0.8917760665838177
1677704780,2a00:86c0:1051::/48,269000,0.0,0.0,0.0,0.0,0.0,0.0,0.9916982280084544
1677704780,2a00:86c0:2022::/48,269000,0.0,0.0,0.0,0.0,0.0,0.0,0.9916982280084544
1677716383,185.68.233.0/24,39356,0.0,0.0,0.0,0.0,0.0,0.0,0.9892080252655154
1677852070,155.193.14.0/24,3257,0.0,0.0,0.0,0.0,0.0,0.0,0.973685895235135
1678033829,2602:fb54:143::/48,212477,0.0,0.0,0.0,0.0,0.0,0.0,0.9734400351243012
1678183964,52.119.190.0/24,9498,0.0,0.0,0.0,0.0,0.0,0.0,0.991602171150305
1678206513,92.118.229.0/24,48357,0.0,0.0,0.0,0.0,0.0,0.0,0.9930202007853984
1678269250,66.118.245.0/24,61317,0.0,0.0,0.0,0.0,0.0,0.0,0.9935487083741932
1678311145,2803:2e90::/32,52468,0.0,0.0,0.0,0.0,0.0,0.0,0.9460893855005876
1678329737,185.231.113.0/24,42440,0.0,0.0,0.0,0.0,0.0,1.0,0.9889571971730172
1678550386,31.187.78.0/24,12400,0.0,0.0,0.0,0.0,0.0,0.0,0.995091586070108
1678588405,45.137.16.0/24,212219,0.0,0.0,0.0,0.0,0.0,0.0,0.99121043903344
1678635156,132.255.196.0/24,24429,0.0,0.0,0.0,0.0,0.0,0.0,0.9960373282862776
1678973839,192.0.4.0/24,7303,0.0,0.0,0.0,0.0,0.0,0.0,0.9890786471213588
1679123560,202.73.5.0/24,8100,0.0,0.0,0.0,0.0,0.0,0.0,0.996959140915543
1679234641,194.0.182.0/24,36236,0.0,0.0,0.0,0.0,0.0,1.0,0.9931945763811484
1679334488,80.158.74.0/24,450756610,0.0,0.0,0.0,0.0,0.0,0.0,1.0
1601401585,191.101.242.0/24,1221,0.0,0.0,0.0,0.0,1.0,0.0,0.9961738317825628
1634115507,5.20.240.0/20,212046,0.0,0.0,0.0,0.0,0.0,0.0,0.5022290284569151
1618580940,115.117.191.0/24,55410,0.0,0.0,0.0,0.0,1.0,0.0,0.9079820665447622
1585769584,140.174.24.0/24,12389,0.0,0.0,0.0,0.0,1.0,0.0,0.9946901370167078
1653982080,203.223.94.0/23,38744,0.0,0.0,0.0,0.0,0.0,0.0,0.022846388579641736
1601402284,103.148.251.0/24,1221,0.0,0.0,0.0,0.0,1.0,1.0,0.8979103155306137
1601402455,203.20.20.0/22,1221,0.0,0.0,0.0,0.0,0.0,1.0,0.9108062118060122
1601402455,202.90.39.0/24,1221,0.0,0.0,0.0,0.0,1.0,0.0,0.8854328462968937
1585769391,80.239.236.0/23,12389,0.0,0.0,0.0,0.0,1.0,0.0,0.9781560727253584
1601401880,68.65.248.0/21,1221,0.0,0.0,0.0,0.0,1.0,0.0,0.9975064091820011
1585769434,84.38.180.0/24,12389,0.0,0.0,0.0,0.0,1.0,0.0,0.9662706932461078
